Min of VSL_IMO_NUMBER,VSL_NAME,Average of BL Cons,Count of Type,Average of Tsw,BASE LINE BL Port FOC (MT/DAY),Vessel Type,Primary Manager,PotentialBL
9878022,Aberlour,0,42,26.238095238095237,0.72,Oil/Chem Tanker,SG SMC,0
9624380,Abram Schulte,0.0030719999999999996,50,29.66,0.912,Bulk Carrier,IN SMC,-122.88
9476599,Acacia,0.035688680176493084,60,30.45,0.77,Oil/Chem Tanker,SG SMC,-1713.0566484716678
9700067,Adam Schulte,0.06807272727272727,30,28.266666666666666,1,Bulk Carrier,IN SMC,-1633.7454545454545
9624768,Amelia,0.4175812012473811,53,26.90566037735849,1.1,Oil/Chem Tanker,SG SMC,-17705.44293288896
9331206,Andalucia Express,0,66,19.87878787878788,0.6,Oil/Chem Tanker,DE SMC,0
9660566,Anglo Barinthus,0.011355932203389832,59,10.745762711864407,0.7,Bulk Carrier,CYP SMC,-536
9599133,Anglo Cynosure,0.003404255319148936,47,10.53191489361702,0.7,Bulk Carrier,CYP SMC,-128
9520833,Anglo Marimar,0.006698292220113851,31,35.25806451612903,0.7,Bulk Carrier,CYP SMC,-166.11764705882354
9660578,Anglo Red,0,69,24.405797101449274,0.7,Bulk Carrier,CYP SMC,0
9440772,ANL Warrnambool,0.01037179008234931,29,24.551724137931036,1.3,Container,DE SMC,-240.625529910504
9806768,Anna Schulte,0,36,24.36111111111111,0.768,Bulk Carrier,HK SMC,0
9532771,APL Turkey,0.03361344537815126,17,16.941176470588236,,Container,DE SMC,-457.1428571428571
9789714,Aquarama,0.628715681804628,52,16.865384615384617,0.7670999999999999,Gas Carrier,GR SMC,-26154.572363072522
9878034,Ardmore,0.38319651932958226,29,27.75862068965517,0.72,Oil/Chem Tanker,SG SMC,-8890.159248446307
9878010,Arran,0.30954778249972753,35,28.82857142857143,0.72,Oil/Chem Tanker,SG SMC,-8667.337909992373
9309150,Asian Ace,0,32,27.8125,1,Container,SG SMC,0
9901415,Aspen Express,0,32,23.40625,0.65,Oil Tanker,SG SMC,0
9806782,Astrid Schulte,0.011406722689075631,50,21.26,0.768,Bulk Carrier,HK SMC,-456.2689075630252
9686388,Avance Levant,0,36,25.47222222222222,0.78,Oil/Chem Tanker,SG SMC,0
9362970,Baosteel Education,0,53,25.69811320754717,0.8,Bulk Carrier,IN SMC,0
9969168,Barism Alice,0.12926811594202897,60,18.466666666666665,0.459,Bulk Carrier,HK SMC,-6204.869565217391
9484546,Bernhard Schulte,0.020192,25,21.52,1.5,Container,SG SMC,-403.84
9858797,Bowmore,0.6930885380919698,31,29.580645161290324,0.72,Oil/Chem Tanker,SG SMC,-17188.59574468085
9674842,Breeze,0.6847440381558029,37,23.08108108108108,0.78,Oil/Chem Tanker,SG SMC,-20268.423529411764
9307437,BTS Camilla,0,3,29,,Oil/Chem Tanker,SG SMC,0
9460629,BTS Elizabeth,0,5,29,0.65,Oil/Chem Tanker,SG SMC,0
9714769,Caipirinha,0.004032258064516129,62,23.838709677419356,0.7,Bulk Carrier,CYP SMC,-200
9331191,Canarias Express,0,67,20.238805970149254,0.6,Oil/Chem Tanker,DE SMC,0
9717204,Cap San Juan,0.006367346938775511,60,22.9,2.5,Container,SG SMC,-305.6326530612245
9717216,Cap San Lazaro,0,54,22.944444444444443,2.5,Container,SG SMC,0
9717228,Cap San Vincent,0.0018181818181818182,55,24.527272727272727,2.5,Container,SG SMC,-80
9665683,Carl Schulte,0.008844895657078399,45,20.822222222222223,1.5,Container,HK SMC,-318.4162436548223
9383895,Central,0,7,29.714285714285715,0.81,Chem oil/ Tanker,IN SMC,0
9333278,Challenge Prelude,0.7282401902497027,29,32.37931034482759,1.6,Oil/Chem Tanker,SG SMC,-16895.1724137931
9665657,Charlotte Schulte,0.0009706774519716885,43,27.511627906976745,1.5,Container,HK SMC,-33.391304347826086
9804904,Chemstar Sapphire,0.5634062907084798,53,19.528301886792452,1.6575,Oil/Chem Tanker,SG SMC,-23888.42672603954
9306158,Chennai Express,0.06678260869565218,25,17.64,2,Container,DE SMC,-1335.6521739130435
9665669,Christa Schulte,0.003643724696356275,52,17.5,1.5,Container,HK SMC,-151.57894736842104
9368778,Christoph Schulte,0.004092071611253197,51,19.627450980392158,0.672,Gas Carrier,SG SMC,-166.95652173913044
9220809,Clamor Schulte,0.01402327005511329,23,13.347826086956522,0.84,Gas Tanker,IN SMC,-258.0281690140845
9665671,Clemens Schulte,0,43,21.651162790697676,1.5,Container,HK SMC,0
9425954,CLM Pearl,0,37,31.27027027027027,,Bulk Carrier,HK SMC,0
9436422,CMA CGM Ambarli,0.066,20,18.6,1,Container,DE SMC,-1056
9395094,CMA CGM Arica,0.014010989010989008,56,28.071428571428573,1,Container,DE SMC,-627.6923076923077
9302956,CMA CGM Beira,0.03189511120016029,28,26.428571428571427,1,Container,DE SMC,-714.4504908835904
9395068,CMA CGM Callao,0,53,26.9811320754717,1,Container,DE SMC,0
9362736,CMA CGM Cebu,0.07236646465537565,44,25.818181818181817,1,Container,DE SMC,-2547.2995558692223
9365972,CMA CGM Goya,0,43,14.511627906976743,1,Container,DE SMC,0
9694555,CMA CGM Lekki,0,13,20.846153846153847,1.5,Container,DE SMC,0
9301433,CMA CGM Malta,0.050974827195626154,18,22.61111111111111,1,Container,DE SMC,-734.0375116170165
9550307,CMA CGM Nacala,0,37,26.83783783783784,1,Container,DE SMC,0
9275050,CMA CGM Puerto Antioquia,0,23,28.47826086956522,1,Container,DE SMC,0
9248124,CMA CGM Puget,0.5218666666666666,6,24.666666666666668,1.5,Container,DE SMC,-2504.96
9377133,CMA CGM Semarang,0.019185185185185184,25,17.04,1,Container,DE SMC,-383.70370370370364
9706279,CNC Bangkok,0.06337326182193231,43,28.46511627906977,1,Container,DE SMC,-2180.0402066744714
9254941,Coral Shasta,0.019623089983022073,25,12.08,0.84,Oil/Chem Tanker,GR SMC,-392.46179966044144
9883780,Corn Rizhao,0,65,23.6,0.9,Bulk Carrier,CN SMC,0
9899480,CS Hu Bei,0.0891891891891892,37,24.945945945945947,0.6,Oil/Chem Tanker,IN SMC,-2640
9899478,CS Zhe Jiang,0.09090909090909091,33,27.818181818181817,0.6,Oil/Chem Tanker,IN SMC,-2400
9958535,CUL Klang,0,37,26.783783783783782,1,Container,CN SMC,0
9958523,CUL Qingdao,0.013716108452950558,66,27.636363636363637,1,Container,CN SMC,-724.2105263157895
9723241,Czech,0.04131378213332358,41,21.195121951219512,2.5,Container,CN SMC,-1355.0920539730134
9409493,Diamond Express,0.38570441870102257,32,27.34375,1.3,Oli/Chem,SG SMC,-9874.033118746178
9624005,Donata Schulte,0.08103320385608546,24,11.708333333333334,0.816,Gas Carrier,IN SMC,-1555.8375140368407
9618862,Dorothea Schulte,0.12940563752012263,34,14.941176470588236,0.816,Gas Tanker,IN SMC,-3519.833340547336
9337975,Duhail,0.028855778068685067,70,27.8,,LNG Carrier,PRONAV,-1615.9235718463638
9545285,Duke I,0,75,25.866666666666667,0.8,Bulk Carrier,CYP SMC,0
9439852,Edzard Schulte,0.07123671459629798,27,15.074074074074074,0.85,Chemical/Oil Tanker ,CYP SMC,-1538.713035280036
9393955,EKO 2,0,26,19,,Oil/Chem Tanker,GR SMC,0
9439840,Elisabeth Schulte,0,32,11.75,0.85,Chemical/Oil Tanker ,CYP SMC,0
9439876,Elisalex Schulte,1.822303417207705,22,12.318181818181818,0.85,Chemical/Oil Tanker ,CYP SMC,-32072.540142855603
9307994,ELLIE M II,0.015513897866839044,17,28,0.9,Oil/Chem,IN SMC,-210.989010989011
9394519,Emmy Schulte,1.040293375514765,27,11.814814814814815,0.85,Chemical/Oil Tanker ,CYP SMC,-22470.336911118924
9498119,Endo Gregale,0.5707983929939526,71,27.309859154929576,0.9,Oil/Chem Tanker,GR SMC,-32421.348722056508
9426506,Endo Ponente,0.013160771309260624,48,19.6875,,Oil Tanker,GR SMC,-505.373618275608
9407031,Eonia,0,28,30.214285714285715,1.26,Tanker,SG SMC,0
9439864,Erika Schulte,0,42,13.666666666666666,0.85,Chemical/Oil Tanker ,CYP SMC,0
9439814,Erin Schulte,0.8954388660047579,23,7.913043478260869,0.85,Chemical/Oil Tanker ,CYP SMC,-16476.075134487546
9439826,Eva Schulte,1.095889716016928,25,10.64,0.85,Chemical/Oil Tanker ,CYP SMC,-21917.79432033856
9850800,EVER FAME,0.0020408163265306124,49,19.306122448979593,2.5,Container,HK SMC,-80
9850795,EVER FIT,0.007859531772575251,52,21,2.5,Container,HK SMC,-326.95652173913044
9811000,Ever Given,0,38,20.13157894736842,2.5,Container,HK SMC,0
9439838,Everhard Schulte,0.6858247142309711,30,29.1,0.85,Chemical/Oil Tanker ,CYP SMC,-16459.793141543305
9697155,Fabia Schulte,0.009079445145018917,61,19.40983606557377,0.84,Bulk Carrier,HK SMC,-443.0769230769232
9841938,Flora Schulte,0.006363636363636363,33,22.90909090909091,0.7,Bulk Carrier,HK SMC,-168
9747780,FMG Grace,0.003063186813186813,56,29.125,1.3,Bulk Carrier,HK SMC,-137.23076923076923
9747778,FMG Nicola,0.008909090909090908,55,26.545454545454547,1.3,Bulk Carrier,HK SMC,-392
9747792,FMG Sophia,0.001015873015873016,54,26.11111111111111,1.3,Bulk Carrier,HK SMC,-43.885714285714286
9747807,FMG Sydney,0,46,27.869565217391305,1.3,Bulk Carrier,HK SMC,0
9861160,Franz Schulte,0.013083333333333332,40,15.175,0.7,Bulk Carrier,GR SMC,-418.6666666666667
9709245,Franziska Schulte,0.011398996655518395,52,19.153846153846153,0.7,Bulk Carrier,HK SMC,-474.1982608695652
9861172,Freya Schulte,0.003157894736842105,32,26.53125,0.7,Bulk Carrier,GR SMC,-80.84210526315789
9721425,Friederike Schulte,0.32034639652440167,51,18.725490196078432,0.7,Bulk Carrier,HK SMC,-13070.132978195586
9841940,Friedrich Schulte,0.1492449275362319,24,21.791666666666668,0.7,Bulk Carrier,HK SMC,-2865.5026086956523
9328481,Gerhard Schulte,0.008083333333333333,48,12.3125,1,Container,CN SMC,-310.4
9877913,Gia Glory,0,47,18.872340425531913,0.72,Bulk Carrier,SG SMC,0
9439412,Golden Beijing,0.009627329192546583,42,25.38095238095238,0.9,Bulk Carrier,SG SMC,-323.47826086956525
9743174,Golden Calvus,0,46,22.5,,Bulk Carrier,SG SMC,0
9842724,Golden Champion,0.9577167956867817,62,25.193548387096776,0.876,Bulk Carrier,SG SMC,-47502.75306606437
9717395,Golden Cirrus,0,41,27.878048780487806,,Bulk Carrier,SG SMC,0
9851804,Golden Comfort,0.04822580645161291,62,19.967741935483872,0.876,Bulk Carrier,SG SMC,-2392
9856490,Golden Competence,0.32704417039964867,75,24.213333333333335,0.876,Bulk Carrier,SG SMC,-19622.65022397892
9856488,Golden Confidence,0.7944026534721,64,18.765625,0.876,Bulk Carrier,SG SMC,-40673.41585777152
9842712,Golden Coral,0.8218331691297209,29,24.724137931034484,0.876,Bulk Carrier,SG SMC,-19066.529523809524
9851816,Golden Courage,0.4548660299696694,82,23.51219512195122,0.876,Bulk Carrier,SG SMC,-29839.211566010308
9860116,Golden Fast,0.05413913043478261,46,21.434782608695652,0.8,Bulk Carrier,SG SMC,-1992.32
9854313,Golden Fellow,0.006382978723404256,47,30.148936170212767,0.8,Bulk Carrier,SG SMC,-240
9852523,Golden Fortune,0.20500363636363636,55,25.054545454545455,0.8,Bulk Carrier,SG SMC,-9020.16
9852535,Golden Forward,0,39,31.025641025641026,0.8,Bulk Carrier,SG SMC,0
9849904,Golden Freeze,0.36650257196268543,46,18.847826086956523,0.8,Bulk Carrier,SG SMC,-13487.294648226822
9854301,Golden Friend,0,54,25.27777777777778,0.8,Bulk Carrier,SG SMC,0
9849899,Golden Frost,0.4426752622716352,55,19.472727272727273,0.8,Bulk Carrier,SG SMC,-19477.711539951946
9860128,Golden Furious,0.788199016144604,42,16.452380952380953,0.8,Bulk Carrier,SG SMC,-26483.48694245869
9743198,Golden Incus,0.06952173913043477,80,24.0625,,Bulk Carrier,SG SMC,-4449.391304347826
9743150,Golden Nimbus,0.010389610389610388,63,22.206349206349206,,Bulk Carrier,SG SMC,-523.6363636363635
9328493,Gottfried Schulte,0,13,28.307692307692307,1,Container,CN SMC,0
9878888,Gui Ying,0,53,20.50943396226415,1.5,LNG Carrier,GR SMC,0
9301938,Hannah Schulte,0,18,27.61111111111111,1,Container,GR SMC,0
9531909,Hans Schulte,0,14,29.571428571428573,1.5,Container,IN SMC,0
9379038,Harris,0,32,22.25,0.87,Tanker,SG SMC,0
9535149,Hedwig Schulte,0,30,25.9,1.5,Container,IN SMC,0
9535163,Henrika Schulte,0.006847826086956521,32,20.625,1.5,Container,HK SMC,-175.30434782608694
9535187,Hermann Schulte,0,7,22,1.5,Container,HK SMC,0
9407380,Horizon Thetis,0,35,28.114285714285714,0.9,Oil Tanker,GR SMC,0
9535204,Hubert Schulte,0.014254788689571297,44,22.5,1.5,Container,HK SMC,-501.7685618729097
9650808,Illawarra Fortune,0,51,28.41176470588235,0.9,Bulk Carrier,HK SMC,0
9925679,Indianapolis,0.20687710104613863,58,23.310344827586206,0.7,LPG Carrier,GR SMC,-9599.097488540834
9721437,Interlink Celerity,0.12483374963218272,39,16.692307692307693,0.7,Bulk Carrier,HK SMC,-3894.8129885241005
9711755,Interlink Fortuity,0.09691925465838509,49,24.591836734693878,0.7,Bulk Carrier,HK SMC,-3799.2347826086952
9711767,Interlink Nobility,0,16,26.5625,0.7,Bulk Carrier,HK SMC,0
9711779,Interlink Solidity,0,22,30.727272727272727,0.7,Bulk Carrier,HK SMC,0
9363792,Island Express,0.7917364953886694,35,27.142857142857142,2.61,Oil/Chem Tanker,SG SMC,-22168.62187088274
9459577,Jane Asphalt,0.5363241986537903,18,28.555555555555557,0.72,Oil Tanker,DE SMC,-7723.0684606145805
9567996,Jasper Dream,0,50,27.4,0.68,Bulk Carrier,IN SMC,0
9812121,Jastella,1.1143105120116783,67,26.313432835820894,0.62,Tanker - Butumen,SG SMC,-59727.043443825954
9392391,Jose Progress,0.09374776583572716,64,21.109375,1.2,Oil/Chem Tanker,SG SMC,-4799.88561078923
9603465,Kaspar Schulte,0,43,25.41860465116279,0.504,Bulk Carrier,HK SMC,0
9836359,Key Sonority,0.03777173913043478,48,28.708333333333332,0.56,Bulk Carrier,IN SMC,-1450.4347826086955
9343998,Kohzan Maru V,0.057331095788746844,65,25.523076923076925,0.9,Oil/Chem Tanker,SG SMC,-2981.216981014835
9297474,Lady Jane,0,40,27.4,1.3,Container,CYP SMC,0
9878058,Lagavulin,0,42,25.714285714285715,0.72,Oil/Chem Tanker,SG SMC,0
9878060,Laphroaig,0,11,29,0.72,Oil/Chem Tanker,SG SMC,0
9699866,Largo Mariner,0,13,21.692307692307693,1.2,Tanker,IN SMC,0
9938523,Legislator,0.02536446062682944,69,22.840579710144926,0.6557999999999999,Oil/Chem Tanker,GR SMC,-1400.1182266009853
9892133,LNG Geneva,0.0049464747139165745,63,21.92063492063492,1.266,LNG Carrier,GR SMC,-249.30232558139534
9917555,Lng Harmony,0.02488235294117647,68,24.426470588235293,1.008,LNG Carrier,GR SMC,-1353.6
9902938,Lng Prosperity,0.03461538461538461,52,26.057692307692307,1.008,LNG Carrier,GR SMC,-1439.9999999999998
9406465,London Courage,0.0019704433497536944,58,26.482758620689655,0.68,Bulk Carrier,IN SMC,-91.42857142857143
9812432,Longrow,0.3826101972660807,64,32.34375,0.65,Tanker,SG SMC,-19589.64210002334
9301926,Lucie Schulte,0.055083222931470555,38,24.18421052631579,1,Container,GR SMC,-1674.529977116705
9406362,Lucky Feb,0,61,25.508196721311474,1.14,Tanker,SG SMC,0
9303417,Lv Lizzy,0.04417444069617983,45,25.88888888888889,1.377,Oil/Chem Tanker,SG SMC,-1590.279865062474
9631113,Lyme Bay,0,7,24.285714285714285,1.5,Container,DE SMC,0
9969053,Maersk Florence,0.06166451612903225,31,24.612903225806452,,Container,HK SMC,-1529.2799999999997
9979278,Maersk Fortaleza,0.1323529411764706,16,19,,Container,HK SMC,-1694.1176470588236
9936446,Maersk Phuket,0,15,27.733333333333334,1,Container,SG SMC,0
9732591,Maersk Sarat,0,51,24.11764705882353,2.5,Container,SG SMC,0
9728253,Maersk Shivling,0,38,17.94736842105263,2.5,Container,CYP SMC,0
9740457,Maersk Skarstind,0,48,21.020833333333332,2.5,Container,SG SMC,0
9786085,Maersk Zambezi,0,22,25.454545454545453,1.3,Container,CYP SMC,0
9901427,Magnolia Express,0,57,18.157894736842106,0.65,Oil Tanker,SG SMC,0
9709221,Mai Tai,0.000967741935483871,31,18.838709677419356,0.7,Bulk Carrier,CYP SMC,-24
9694438,Majestic,0.009496031746031745,72,23.63888888888889,1,Container,CYP SMC,-546.9714285714285
9302944,Margarete Schulte,0.012055814198164075,57,22.473684210526315,1,Container,IN SMC,-549.7451274362818
9183570,Marianna 28,0.02091503267973856,51,25.627450980392158,0.45,Tanker - LPG,SG SMC,-853.3333333333334
9166766,Marianna Golden,0.04359,40,28.275,0.65,Gas Tanker,SG SMC,-1394.88
9304306,Marina Aman,0.07835457113510297,19,25.157894736842106,1.46,Chem oil/ Tanker,SG SMC,-1190.9894812535651
9694414,Mariner,0,32,27.03125,1,Container,CYP SMC,0
9319545,Martini,1.053394247038917,30,22.3,1.074,Oil/Chem Tanker,GR SMC,-25281.46192893401
9760770,Marvel Hawk,0,78,25,,LNG Carrier,UK SMC,0
9880192,Marvel Swan,0.0035016534181240063,74,24.5,0.702,Oil/Chem Tanker,PRONAV,-207.29788235294117
9676709,Mathilde Schulte,0.01020408163265306,24,21.041666666666668,1,Container,HK SMC,-195.9183673469388
9743497,Matthew Schulte,0.03678113737706921,45,21.155555555555555,1,Container,HK SMC,-1324.1209455744915
9676711,Max Schulte,0,28,25.75,1,Container,HK SMC,0
9676723,Melchior Schulte,0.035846407927332784,48,20.979166666666668,1,Container,HK SMC,-1376.502064409579
9938535,Mercator,0.006578947368421052,76,26.30263157894737,0.7,LPG Carrier,GR SMC,-400
9694402,Meridian,0.00037037037037037035,27,29.444444444444443,1,Container,CYP SMC,-8
9676735,Mia Schulte,0.06621775328166456,32,15.53125,1,Container,HK SMC,-1695.1744840106128
9694426,Mieke Schulte,0.0010638297872340426,47,24.127659574468087,1,Container,CYP SMC,-40
9743473,Mimmi Schulte,0.06579439548376993,27,20.074074074074073,1,Container,HK SMC,-1421.1589424494305
9667540,Mistral,0.46179310344827584,29,27.06896551724138,0.78,Oil/Chem Tanker,SG SMC,-10713.6
9743485,Molly Schulte,0,4,28.25,1,Container,HK SMC,0
9667564,Monsoon,0.0022222222222222222,54,24.38888888888889,0.78,Oil/Chem Tanker,SG SMC,-96
9220794,Moritz Schulte,0.1258232151529869,29,14.379310344827585,0.84,Gas Tanker,IN SMC,-2919.0985915492956
9741786,Mount Broad Peak,0,51,25.901960784313726,1,Bulk Carrier,SG SMC,0
9741774,Mount Gongga,0,66,24.318181818181817,1,Bulk Carrier,SG SMC,0
9271999,Moyra,0.08461538461538462,39,22.28205128205128,0.8,Oil/Chem Tanker,DE SMC,-2640
9703590,MP Ultramax 1,0.09359806900476172,52,17.5,1.1,Bulk Carrier,SG SMC,-3893.6796705980883
9703605,MP Ultramax 2,0.015124633431085045,44,27.272727272727273,1.1,Bulk Carrier,SG SMC,-532.3870967741935
9619464,MSC Agadir,0.052305665349143604,23,23.608695652173914,2.5,Container,IN SMC,-962.4242424242425
9619476,MSC Antigua,0.017647058823529415,34,26.58823529411765,2.5,Container,IN SMC,-480
9605231,MSC Dakar X,0.006754855052068675,34,18.705882352941178,2.5,Container,HK SMC,-183.73205741626793
9605152,MSC Lagos X,0.12800000000000003,30,25.433333333333334,2.5,Container,HK SMC,-3072.0000000000005
9484558,MSC Lome V,0.0286,34,26.676470588235293,1.5,Container,SG SMC,-777.9200000000001
9878876,Mu Lan,0.022512605042016808,68,26.352941176470587,1.344,LNG Carrier,GR SMC,-1224.6857142857143
9552408,NGM Bond,0,67,25.850746268656717,1.08,Bulk Carrier,GR SMC,0
9595591,NGM Glory,0.018915966386554624,70,23.34285714285714,1.08,Bulk Carrier,GR SMC,-1059.2941176470588
9595606,NGM Honor,0,52,28.73076923076923,1.08,Bulk Carrier,GR SMC,0
9375939,NGM Panther,0.0014285714285714286,70,29.757142857142856,0.52,Bulk Carrier,CYP SMC,-80
9966312,Nicolaus Schulte,0.022736842105263163,57,27.31578947368421,0.7,Bulk Carrier,CYP SMC,-1036.8
9966300,Nora Schulte,0.020974967061923585,66,23.151515151515152,0.7,Bulk Carrier,CYP SMC,-1107.4782608695652
9883041,Nord Minami,0.016413373860182368,56,21.321428571428573,1.5,Oil Tanker /Chem,SG SMC,-735.31914893617
9890939,Nord Mirai,0.007446034440941062,38,26.86842105263158,1.5,Oil Tanker /Chem,SG SMC,-226.35944700460828
9890927,Nord Miyako,1.9974816491820162,60,27.066666666666666,1.5,Oil Tanker /Chem,SG SMC,-95879.1191607368
9624627,Nord Nanami,0.0015574302401038288,67,25.35820895522388,0.52,Bulk Carrier,HK SMC,-83.47826086956522
9800104,Nordic Ace,1.996538721467474,36,27.083333333333332,1.29,Oil/Chem Tanker,SG SMC,-57500.31517826325
9800051,Nordic Ami,0.6180097379674688,58,17.46551724137931,1.29,Oil/Chem Tanker,SG SMC,-28675.651841690553
9800116,Nordic Aqua,0.40940581085794786,43,26.348837209302324,1.29,Oil/Chem Tanker,SG SMC,-14083.55989351341
9884966,Nordic Nuluujaak,0.354578,20,12,1.1,Bulk Carrier,CYP SMC,-5673.2480000000005
9727120,Nordic Oasis,0.6013146446776613,20,14.75,0.83,Bulk Carrier,CYP SMC,-9621.034314842578
9687239,Nordic Odin,0.29515399243435225,58,19.982758620689655,0.83,Bulk Carrier,CYP SMC,-13695.145248953944
9727118,Nordic Olympic,0.0058823529411764705,51,22.431372549019606,0.83,Bulk Carrier,CYP SMC,-240
9529463,Nordic Orion,0.014285714285714287,7,11.428571428571429,0.91,Bulk Carrier,CYP SMC,-80
9687227,Nordic Oshima,0.2545759849906191,10,27.8,0.83,Bulk Carrier,CYP SMC,-2036.607879924953
9884978,Nordic Qinngua,0.5911652173913042,21,17.38095238095238,1.1,Bulk Carrier,CYP SMC,-9931.575652173913
9895795,Nordic Sanngijuq,0.011674576271186442,59,24.440677966101696,1.1,Bulk Carrier,CYP SMC,-551.04
9895800,Nordic Siku,0.016129032258064516,31,22.35483870967742,1.1,Bulk Carrier,CYP SMC,-400
9405916,Oak Express,0.05959152621277229,37,24.243243243243242,0.87,Chemical Tanker,SG SMC,-1763.9091758980599
9337004,Oceanus,1.3715142428785607,58,18.724137931034484,1.8,Oil Tanker,CYP SMC,-63638.260869565216
9769300,One Tradition,0,8,27.25,2.5,Container,HK SMC,0
9769295,One Tribute,0.15884199363732768,23,24.043478260869566,2.5,Container,HK SMC,-2922.6926829268295
9522972,Ore China,0,68,25.558823529411764,1.023,Ore Carrier,IN SMC,0
9532513,Ore Dongjiakou,0,72,24.38888888888889,1.023,Ore Carrier,IN SMC,0
9532537,Ore Hebei,0,29,24.20689655172414,1.023,Ore Carrier,IN SMC,0
9532549,Ore Shandong,0,75,21.826666666666668,1.023,Ore Carrier,IN SMC,0
9902926,Orion Bohemia,0.019050361662121186,38,27.05263157894737,1.008,LNG Carrier,GR SMC,-579.130994528484
9917543,Orion Jessica,0.028125,32,22.1875,1.008,LNG Carrier,GR SMC,-720
9889904,Orion Sea,0.7210874343048257,39,22.256410256410255,0.738,LNG Carrier,GR SMC,-22497.92795031056
9889916,Orion Sun,0.006153846153846154,65,24.43076923076923,0.738,LNG Carrier,GR SMC,-320
9778478,Pacific Hong Kong,0,46,25.543478260869566,0.657,Gas Tanker,SG SMC,0
9739953,Pacific Qingdao,0.009054726368159204,67,28.37313432835821,0.657,Gas Tanker,SG SMC,-485.3333333333333
9938511,Pacificator,0.010781671159029648,14,24.071428571428573,0.6557999999999999,Oil/Chem Tanker,GR SMC,-120.75471698113208
9674854,Passat,0,37,26.18918918918919,0.78,Oil/Chem Tanker,SG SMC,0
9340752,Phen Basin,0.005422647527910686,57,25.859649122807017,1.5,Container,CYP SMC,-247.27272727272725
9405928,Pine Express,0.025014424337791767,41,23.878048780487806,0.87,Chemical Tanker,SG SMC,-820.4731182795699
9403310,PIS Paragon,0.4731264823269303,38,23.263157894736842,1.5,Oil/Chem,SG SMC,-14383.04506273868
9294563,PIS Pioneer,0.09999999999999999,6,28.5,3.24,Tanker,SG SMC,-480
9426295,PIS Polaris,0.5155802114883894,51,26.901960784313726,1.5,Oil/Chem,SG SMC,-21035.672628726283
9645798,PIS Sumatera,0,53,23.433962264150942,1.2,Chem oil/ Tanker,SG SMC,0
9803235,Poestella,1.1197304806250055,44,20.5,0.62,Tanker - Butumen,SG SMC,-39414.5129180002
9923451,Proteus Elsie,0.10947368421052632,57,29.105263157894736,0.6,Oil/Chem Tanker,SG SMC,-4992
9923401,Proteus Harvonne,0,50,28,0.6,Oil/Chem Tanker,SG SMC,0
9923463,Proteus Ingrid,0,57,21.666666666666668,0.6,Oil/Chem Tanker,SG SMC,0
9923425,Proteus Philippa,0.38695652173913037,46,21.26086956521739,0.6,Oil/Chem Tanker,SG SMC,-14239.999999999998
9923475,Proteus Rong Na,0.11194029850746268,67,23.73134328358209,0.6,Oil/Chem Tanker,SG SMC,-6000
9923413,Proteus Sinead,0,61,27.19672131147541,0.6,Oil/Chem Tanker,SG SMC,0
9923449,Proteus Tracy,0.046,50,27.32,0.6,Oil/Chem Tanker,SG SMC,-1840
9665308,Raina,0,69,29.956521739130434,0.78,Bulk Carrier,SG SMC,0
9623661,RDO Favour,0,23,30.217391304347824,1.3,Container,DE SMC,0
9623673,RDO Fortune,0.0029411764705882353,34,24.676470588235293,1.3,Container,DE SMC,-80
9576753,Rebecca Schulte,1.9513601398601397,52,20.384615384615383,1.3,Oil/Chem Tanker,SG SMC,-81176.58181818182
9576789,Reinhold Schulte,0.3216025982780279,66,16.818181818181817,1.3,Oil/Chem Tanker,SG SMC,-16980.61718907988
9542489,ROSCO Banyan,0,68,21.41176470588235,1.02,Bulk Carrier,CN SMC,0
9803247,Rostella,0.9905858098390917,60,23.85,0.62,Tanker - Butumen,SG SMC,-47548.11887227641
9375604,Royal Jasmine,0.11775856570881905,52,24,0.5,Tanker,IN SMC,-4898.756333486873
9576765,Rudolf Schulte,0.4775680897955822,38,22.81578947368421,1.3,Oil/Chem Tanker,SG SMC,-14518.069929785703
9568495,Sakura Advance,0,51,29.666666666666668,0.6,Oil/Chem Tanker,SG SMC,0
9568500,Sakura Belle,0.0911649816577531,53,25.528301886792452,0.6,Oil/Chem Tanker,SG SMC,-3865.3952222887306
9568512,Sakura Crest,0.02907604702195552,68,31.308823529411764,0.6,Oil/Chem Tanker,SG SMC,-1581.73695799438
9560376,San Diego Bridge,0.029982020855807263,27,12.555555555555555,1.4,Bulk Carrier,HK SMC,-647.6116504854369
9698628,San Felipe,0.3407329192546584,14,10.071428571428571,2.5,Container,SG SMC,-3816.2086956521734
9698630,San Felix,0.025203252032520322,41,24.24390243902439,2.5,Container,SG SMC,-826.6666666666666
9698642,San Fernando,0,51,24.176470588235293,5,Container,SG SMC,0
9698654,San Francisca,0.0011006649850951616,49,25.306122448979593,2.5,Container,SG SMC,-43.146067415730336
9682887,Sea Bliss,0.011613333333333333,50,20.26,0.46,Bulk Carrier,HK SMC,-464.5333333333333
9308950,Sea Senor,0.7996598639455783,21,20,0.78,Tanker,SG SMC,-13434.285714285714
9567661,Seroja Lima,0,10,24.4,2,Container,HK SMC,0
9525821,SFL Hudson,0,32,24.625,0.555,Bulk Carrier,SG SMC,0
9635688,SFL Maui,0,17,22,1.7,Container,SG SMC,0
9617935,SFL Pearl,0,66,27.53030303030303,1.44,Bulk Carrier,SG SMC,0
9539834,SFL Sara,0,8,26.25,0.555,Bulk Carrier,SG SMC,0
9617947,SFL Yangtze,0.0029197080291970805,48,29.583333333333332,1.44,Bulk Carrier,SG SMC,-112.11678832116789
9600839,SFL Yukon,0.018695652173913044,30,24.8,0.555,Bulk Carrier,SG SMC,-448.695652173913
9971484,Shine Agate,0,59,18.915254237288135,0.8,Bulk Carrier,CN SMC,0
9971458,Shine Amber,0,50,30,0.8,Bulk Carrier,CN SMC,0
9971460,Shine Coral,0.011749843652282675,65,27.70769230769231,0.8,Bulk Carrier,CN SMC,-610.9918699186992
9686376,Sirocco,0.47368561373644186,34,22.441176470588236,0.78,Oil/Chem Tanker,SG SMC,-12884.248693631216
9887384,Solar Alice,0.6134018426839956,26,14.346153846153847,0.9,Oil/Chem Tanker,CYP SMC,-12758.758327827109
9887401,Solar Catie,1.6531201056728033,38,27.026315789473685,0.9,Oil/Chem Tanker,CYP SMC,-50254.85121245323
9887396,Solar Naama,1.344623823121266,29,14.310344827586206,0.9,Oil/Chem Tanker,CYP SMC,-31195.27269641337
9887372,Solar Roma,2.048818786000357,47,29.829787234042552,0.9,Oil/Chem Tanker,CYP SMC,-77035.58635361344
9743617,Spirit Of Seatrek,0,28,28.964285714285715,0.84,Bulk Carrier,SG SMC,0
9313101,Sriwangi,0,44,30.863636363636363,0.75,Tanker,SG SMC,0
9313096,Sriwangi II,0,28,30.178571428571427,0.75,Tanker,SG SMC,0
9892456,Tenergy,0.04736024844720497,77,22.571428571428573,1.8,LNG Carrier,GR SMC,-2917.391304347826
9542984,Thalea Schulte,0,48,26.770833333333332,0.696,Gas Carrier,IN SMC,0
9551777,Thekla Schulte,0,52,18.615384615384617,0.744,Gas Carrier,IN SMC,0
9553622,Theresa Schulte,0,66,26.439393939393938,0.696,Gas Carrier,IN SMC,0
9897925,TM Lustrous,0,65,24.615384615384617,0.37,Bulk Carrier,HK SMC,0
9446116,TMN Plenitude,0.5641086409838242,30,29.633333333333333,2.01,Oil/Chem Tanker,SG SMC,-13538.607383611778
9552800,Topaz Express,0.6241760404405513,40,27.65,1.3,Oli/Chem,SG SMC,-19973.633294097643
9378773,Torero,0.6182543881114047,40,31.1,1.3,Oil/Chem Tanker,SG SMC,-19784.140419564952
9718387,True Nautilus,0.15778573021181716,78,22.94871794871795,1.125,Bulk Carrier,SG SMC,-9845.829565217391
9713076,True North,0.16468571428571427,70,23.185714285714287,1.02,Bulk Carrier,SG SMC,-9222.4
9937531,TS Dubai,0.08581841291158061,35,15.942857142857143,,Container,HK SMC,-2402.915561524257
9937529,TS HongKong,0.9322116270848289,43,18.790697674418606,,Container,HK SMC,-32068.079971718107
9660023,United Crown,0,60,29.75,0.912,Bulk Carrier,IN SMC,0
9546813,United Dignity,0,63,27.603174603174605,1.092,Bulk Carrier,IN SMC,0
9793234,Vega Sea,0.015444015444015443,74,23.33783783783784,0.87,Gas Tanker,SG SMC,-914.2857142857142
9793260,Vega Song,0.024671497584541062,72,23.34722222222222,0.87,Gas Tanker,SG SMC,-1421.0782608695654
9793246,Vega Star,0.0014925373134328358,67,24.16417910447761,0.87,Gas Tanker,SG SMC,-80
9793258,Vega Sun,0.02430612244897959,56,25.035714285714285,0.87,Gas Tanker,SG SMC,-1088.9142857142856
9215311,W Kampala,0,23,18.043478260869566,1.7,Container,CYP SMC,0
9215323,W Kithira,0.003023516237402015,38,24.342105263157894,1.7,Container,CYP SMC,-91.91489361702126
9211482,W Klaipeda,0,50,24.24,1.7,Container,CYP SMC,0
9211494,W Kyrenia,0,55,24.254545454545454,1.7,Container,CYP SMC,0
9342700,Wan Hai 316,0.013753846153846153,26,24.5,1,Container,CN SMC,-286.08
9342712,Wan Hai 317,0.3180249543453019,50,25.44,1,Container,CN SMC,-12720.998173812071
9294886,Wan Hai 506,0.02743529411764706,50,27.24,1.5,Container,CN SMC,-1097.4117647058824
9326407,Wan Hai 507,0.032543100088328614,37,28.945945945945947,1.5,Container,CN SMC,-963.2757626145269
9326419,Wan Hai 508,0.02270676691729323,38,22.57894736842105,1.5,Container,CN SMC,-690.2857142857142
9326433,Wan Hai 510,0.1036111783404459,48,25.4375,1.5,Container,CN SMC,-3978.669248273123
9224506,Wan Hai 611,0.006429232192414432,48,26.208333333333332,2,Container,CN SMC,-246.88251618871413
9224518,Wan Hai 612,0.0508582326764145,,22.545454545454547,2,Container,CN SMC,-2685.3146853146854
9224520,Wan Hai 613,0.25715341491173366,43,23.162790697674417,2,Container,CN SMC,-8846.077472963638
9307035,Wan Hai 622,0.009169378802886657,37,27.18918918918919,2.5,Container,CN SMC,-271.413612565445
9321017,Wan Hai 623,0,47,21.02127659574468,2.5,Container,CN SMC,0
9298997,Wan Hai 625,0.07248520215917548,55,21.90909090909091,1.3,Container,CN SMC,-3189.3488950037213
9555096,Wan Hai A07,0.05934842496107318,33,26.393939393939394,2.5,Container,CN SMC,-1566.798418972332
9555101,Wan Hai A08,0.037802365431178986,52,26.03846153846154,2.5,Container,CN SMC,-1572.578401937046
9186687,Weser Stahl,0.06102761408379386,30,11.133333333333333,0.37,Bulk Carrier,IN SMC,-1464.6627380110526
9396799,Wisteria,0,17,29.823529411764707,0.96,Tanker,IN SMC,0
9360958,Xena,0.8679900269732044,37,19.783783783783782,1.02,Oil/Chem Tanker,SG SMC,-25692.50479840685
9694385,Zita Schulte,0.025988816454984822,62,26.112903225806452,0.72,Gas Carrier,IN SMC,-1289.0452961672472
9675078,Zoe Schulte,0.009878426315257127,51,23.568627450980394,0.72,Gas Carrier,IN SMC,-403.03979366249087
