Min of VSL_IMO_NUMBER,VSL_NAME,Average of AE Cons,BASE LINE AE Port FOC (MT/DAY),Count of Type,Average of Tsw,Median of ReeferOnboard,Vessel Type,Primary Manager,Potential
9619464,MSC Agadir,9.812890896028073,6.6,37,22.91891891891892,451,Container,IN SMC,-95101.57052243096
9605152,MSC Lagos X,9.700884361118163,5.8,36,18.63888888888889,318,Container,HK SMC,-112345.46960020317
9769295,One Tribute,6.758934936550196,4.7,23,16.347826086956523,298,Container,HK SMC,-37884.40283252358
9635688,SFL Maui,3.03976445635842,4.5,22,21.09090909090909,288,Container,SG SMC,25700.145568091793
9717228,Cap San Vincent,5.856687427000919,5.2,15,19.733333333333334,250,Container,SG SMC,-7880.249124011004
9531909,Hans Schulte,6.778020410278497,4,41,29.048780487804876,234,Container,IN SMC,-91119.06945713471
9743497,Matthew Schulte,4.709865134549839,2.3,24,19.333333333333332,228,Container,HK SMC,-46269.41058335692
9769300,One Tradition,4.914892045022455,4.7,22,17.09090909090909,227,Container,HK SMC,-3782.09999239521
9717204,Cap San Juan,3.7051816831578077,5.2,16,18,219,Container,SG SMC,19133.67445558006
9440772,ANL Warrnambool,2.445054356204989,3.5,16,16.5,215,Container,DE SMC,13503.304240576137
9850795,EVER FIT,6.303544503221329,8.4,21,23.19047619047619,205,Container,HK SMC,35220.452345881684
9698642,San Fernando,7.313864889543821,6.8,16,26.375,193,Container,SG SMC,-6577.470586160931
9850800,EVER FAME,5.862460885807253,8.4,22,18.454545454545453,167,Container,HK SMC,44660.68840979235
9605231,MSC Dakar X,10.050268075231592,5.8,27,18.51851851851852,165,Container,HK SMC,-91805.79042500247
9301926,Lucie Schulte,3.0098745550408283,2.5,20,21.65,155,Container,GR SMC,-8157.992880653251
9377133,CMA CGM Semarang,2.5035759978562857,2.9,32,16.34375,151,Container,DE SMC,10148.454454879095
9694438,Majestic,4.097492818253797,2.3,20,22.15,149,Container,CYP SMC,-28759.88509206075
9676709,Mathilde Schulte,3.516973262617495,2.3,27,18.703703703703702,134,Container,HK SMC,-26286.62247253788
9567661,Seroja Lima,4.966039570193148,5.6,31,19.451612903225808,119,Container,HK SMC,15722.218659209966
9306158,Chennai Express,4.200614915283636,5.4,36,16,108,Container,DE SMC,34542.29043983126
9248124,CMA CGM Puget,5.507029330556912,4.39,24,22.833333333333332,106,Container,DE SMC,-21446.96314669272
9694426,Mieke Schulte,5.057273804389266,2.3,37,24.16216216216216,106,Container,CYP SMC,-81615.30460992228
9698654,San Francisca,6.6432585513669,3.4,19,26.31578947368421,99,Container,SG SMC,-49297.529980776875
9302944,Margarete Schulte,4.056107249339759,2.5,15,22.6,98,Container,IN SMC,-18673.286992077115
9623673,RDO Fortune,4.312364649794721,4.6,30,21.433333333333334,89,Container,DE SMC,6903.248404926677
9215323,W Kithira,6.6333267503237465,5.6,17,20.529411764705884,89,Container,CYP SMC,-14053.243804402957
9211494,W Kyrenia,6.185802121785403,5.6,22,23.681818181818183,89,Container,CYP SMC,-10310.117343423086
9811000,Ever Given,6.535400974511178,5.5,28,12.357142857142858,85,Container,HK SMC,-23192.98182905041
9665657,Charlotte Schulte,3.628127437197328,3.9,30,21.233333333333334,80,Container,HK SMC,6524.941507264106
9623661,RDO Favour,3.7848285621107514,4.6,24,28.041666666666668,70,Container,DE SMC,15651.291607473564
9665683,Carl Schulte,3.7973504675562033,3.9,19,21.68421052631579,67,Container,HK SMC,1560.27289314571
9665669,Christa Schulte,4.185283934175073,3.9,19,23.57894736842105,67,Container,HK SMC,-4336.315799461119
9436422,CMA CGM Ambarli,5.507534504237275,3.5,43,16.813953488372093,67,Container,DE SMC,-69059.18694576224
9706279,CNC Bangkok,3.895560334806915,2.3,27,28.296296296296298,64,Container,DE SMC,-34464.10323182937
9342700,Wan Hai 316,3.6089631858201985,2.1,27,23.555555555555557,63,Container,CN SMC,-32593.604813716298
9484546,Bernhard Schulte,4.316784313867496,3.4,24,18.916666666666668,63,Container,SG SMC,-17602.25882625592
9728253,Maersk Shivling,4.357863142783569,3.8,8,19,60,Container,CYP SMC,-3570.3241138148423
9328481,Gerhard Schulte,4.70335538802089,3.6,20,13.5,57,Container,CN SMC,-17653.686208334257
9698628,San Felipe,6.68034730830233,3.4,35,14.257142857142858,57,Container,SG SMC,-91849.72463246524
9560376,San Diego Bridge,5.110880861323374,4.2,22,15.545454545454545,56,Bulk Carrier,HK SMC,-16031.503159291367
9224518,Wan Hai 612,4.099066666666666,3.6,,28,53,Container,CN SMC,-1197.7599999999998
9224520,Wan Hai 613,6.393390616740489,3.6,24,19.541666666666668,52,Container,CN SMC,-53633.099841417374
9717216,Cap San Lazaro,5.611234605891921,5.2,17,18.058823529411764,51,Container,SG SMC,-5592.790640130132
9550307,CMA CGM Nacala,2.154493107954267,1.2,37,27.43243243243243,50,Container,DE SMC,-28252.995995446283
9535163,Henrika Schulte,3.1195446806043092,4,26,16.03846153846154,50,Container,HK SMC,18313.470643430366
9340752,Phen Basin,5.1082677140133965,3.4,41,25.29268292682927,48,Container,CYP SMC,-56031.181019639414
9535187,Hermann Schulte,3.882028562934306,4,26,16.153846153846153,44,Container,HK SMC,2453.8058909664364
9665671,Clemens Schulte,3.6292711387941923,3.9,23,25.304347826086957,42,Container,HK SMC,4981.41104618686
9698630,San Felix,6.007210422866602,3.4,12,18.75,41,Container,SG SMC,-25029.220059519368
9740457,Maersk Skarstind,5.427102670490978,5.2,19,14.631578947368421,40,Container,SG SMC,-3451.9605914628523
9619476,MSC Antigua,8.539440441354062,6.6,17,28.529411764705884,40,Container,IN SMC,-26376.39000241524
9732591,Maersk Sarat,5.517442573976859,5.2,22,20.954545454545453,39,Container,SG SMC,-5586.989301992737
9535204,Hubert Schulte,4.34490955446781,4,23,16.217391304347824,37,Container,HK SMC,-6346.335802207685
9535149,Hedwig Schulte,4.4696250546091845,4,25,25.8,36,Container,IN SMC,-9392.501092183687
9694402,Meridian,3.032621137691677,2.3,48,28.604166666666668,34,Container,CYP SMC,-28132.651687360416
9215311,W Kampala,6.266667657099063,5.6,40,14.7,33,Container,CYP SMC,-21333.36502717003
9362736,CMA CGM Cebu,3.2076650850830246,2,27,26.88888888888889,30,Container,DE SMC,-26085.56583779331
9631113,Lyme Bay,3.9411347421888214,3.9,19,27.05263157894737,30,Container,DE SMC,-625.248081270086
9211482,W Klaipeda,7.398143674923433,5.6,13,25.23076923076923,30,Container,CYP SMC,-18700.694219203717
9555096,Wan Hai A07,5.578399590261206,5.8,29,22.689655172413794,30,Container,CN SMC,5141.129505940045
9786085,Maersk Zambezi,4.153914461267883,3.7,17,24.88235294117647,27,Container,CYP SMC,-6173.236673243209
9224506,Wan Hai 611,5.902313070534162,3.6,34,23.647058823529413,26,Container,CN SMC,-62622.91551852918
9301433,CMA CGM Malta,4.268839019174112,3.3,31,25.741935483870968,25,Container,DE SMC,-24027.20767551797
9342712,Wan Hai 317,2.9812456491520587,2.1,34,22.91176470588235,25,Container,CN SMC,-23969.88165693599
9328493,Gottfried Schulte,4.778937999681375,3.6,61,26.16393442622951,24,Container,CN SMC,-57532.17438445108
9294886,Wan Hai 506,4.858164992356226,3.4,26,24.26923076923077,24,Container,CN SMC,-30329.831841009505
9309150,Asian Ace,2.7458532087445127,2.6,33,28.272727272727273,21,Container,SG SMC,-3850.5247108551325
9298997,Wan Hai 625,4.7548143318998175,3.5,26,21.96153846153846,20,Container,CN SMC,-26100.138103516227
9326433,Wan Hai 510,4.8563009770969785,3.4,20,24.2,19,Container,CN SMC,-23300.815633551658
9326419,Wan Hai 508,4.641771771177839,3.4,34,21.029411764705884,19,Container,CN SMC,-33776.192176037235
9295945,Wan Hai 627,6.2278697112118175,5.6,26,21.307692307692307,18,Container,CN SMC,-13059.689993205768
9301938,Hannah Schulte,3.8151743220826466,2.5,37,27.56756756756757,18,Container,GR SMC,-38929.159933646304
9555101,Wan Hai A08,4.913484563901136,5.8,19,19.526315789473685,18,Container,CN SMC,13475.034628702735
9307035,Wan Hai 622,5.522831688103322,3.5,40,23.3,16,Container,CN SMC,-64730.61401930631
9326407,Wan Hai 507,4.095479797146885,3.4,33,26.666666666666668,16,Container,CN SMC,-18360.666644677734
9395094,CMA CGM Arica,1.8750221391466062,1.8,32,28.125,15,Container,DE SMC,-1920.5667621531047
9395068,CMA CGM Callao,2.26607499542567,1.8,37,26.972972972972972,14,Container,DE SMC,-13795.81986459983
9676723,Melchior Schulte,2.587732872460892,2.3,18,16.5,13,Container,HK SMC,-4143.353363436842
9321017,Wan Hai 623,6.163083528911523,3.5,27,20.85185185185185,12,Container,CN SMC,-57522.604224488896
9239862,Flora Delmas,3.270146286472351,2.2,25,28.8,10,Container,DE SMC,-21402.92572944704
9297474,Lady Jane,4.538790907474395,3.5,21,21.571428571428573,9,Container,CYP SMC,-17451.68724556983
9743473,Mimmi Schulte,2.79366148214113,2.3,30,18.933333333333334,9,Container,HK SMC,-11847.875571387103
9302956,CMA CGM Beira,3.6002369298967,2.5,22,26.40909090909091,8,Container,DE SMC,-19364.16996618192
9958535,CUL Klang,3.044360437445112,2.4,14,25.428571428571427,6,Container,CN SMC,-7216.836899385265
9958523,CUL Qingdao,2.6277390122112045,2.4,10,23.3,5,Container,CN SMC,-1821.9120976896363
9694414,Mariner,2.603755227929924,2.3,22,20.90909090909091,5,Container,CYP SMC,-5346.092011566657
9275050,CMA CGM Puerto Antioquia,3.7014927674022657,3.3,33,28.12121212121212,3,Container,DE SMC,-10599.409059419835
9743485,Molly Schulte,3.1250515377609425,2.3,48,27.875,3,Container,HK SMC,-31681.9790500202
9878022,Aberlour,3.3680830149778873,3.1,24,26.125,0,Oil/Chem Tanker,SG SMC,-5147.193887575429
9624380,Abram Schulte,1.6087102521707557,1.1,5,30,0,Bulk Carrier,IN SMC,-2034.8410086830222
9476599,Acacia,1.5,0.8,2,31.5,0,Oil/Chem Tanker,SG SMC,-1120
9700067,Adam Schulte,2.267692307692308,1.47,13,30,0,Bulk Carrier,IN SMC,-8296
9624768,Amelia,1.763636363636364,1.2,11,25.818181818181817,0,Oil/Chem Tanker,SG SMC,-4960
9660566,Anglo Barinthus,2.181905568096313,2.1,12,17.333333333333332,0,Bulk Carrier,CYP SMC,-786.2934537246038
9599133,Anglo Cynosure,1.6909727810650887,1.9,25,14.4,0,Bulk Carrier,CYP SMC,4180.544378698224
9520833,Anglo Marimar,2.193462522714095,1.9,42,25.333333333333332,0,Bulk Carrier,CYP SMC,-9860.340763193584
9660578,Anglo Red,2.0132184677149545,2.1,7,28.428571428571427,0,Bulk Carrier,CYP SMC,485.97658079625336
9806768,Anna Schulte,1.252301412763987,1.1,31,17.93548387096774,0,Bulk Carrier,HK SMC,-3777.0750365468757
9532771,APL Turkey,5.01384593288265,3,37,22.18918918918919,0,Container,DE SMC,-59609.839613326505
9789714,Aquarama,2.7010941999177294,2.3,10,9.5,0,Gas Carrier,GR SMC,-3208.7535993418355
9878034,Ardmore,2.5354652679664285,3.1,43,28.023255813953487,0,Oil/Chem Tanker,SG SMC,19419.99478195485
9878010,Arran,3.2303403065023044,3.1,30,28.9,0,Oil/Chem Tanker,SG SMC,-3128.167356055307
9901415,Aspen Express,2.193669871794872,2.09,16,23.5,0,Oil Tanker,SG SMC,-1326.9743589743612
9806782,Astrid Schulte,1.6776019996779539,1.1,24,19.5,0,Bulk Carrier,HK SMC,-11089.958393816705
9686388,Avance Levant,2.8,3.2,2,14,0,Oil/Chem Tanker,SG SMC,640.0000000000002
9304148,Azalea Island,1.804581818181818,1,10,23.7,0,Bulk Carrier,IN SMC,-6436.654545454546
9362970,Baosteel Education,2.3383986928104576,1.7,18,25.333333333333332,0,Bulk Carrier,IN SMC,-9192.941176470587
9969168,Barism Alice,1.3935509499136443,1,15,16.2,0,Bulk Carrier,HK SMC,-4722.611398963731
9858797,Bowmore,2.9477163941987388,3.1,26,29.76923076923077,0,Oil/Chem Tanker,SG SMC,3167.4990006662238
9674842,Breeze,3.675,3.2,8,30.375,0,Oil/Chem Tanker,SG SMC,-3039.999999999999
9723253,Bremerhaven Express,13.879531283909065,6.7,27,18.85185185185185,0,Container,CN SMC,-155077.87573243582
9460629,BTS Elizabeth,1.735722642508185,1.5,48,29.041666666666668,0,Oil/Chem Tanker,SG SMC,-9051.749472314317
9714769,Caipirinha,2.2122058823529414,1.35,4,27.25,0,Bulk Carrier,CYP SMC,-2759.0588235294117
9383895,Central,2.7607863468350278,2.35,50,29.64,0,Chem oil/ Tanker,IN SMC,-16431.453873401115
9333278,Challenge Prelude,2.1577119150818223,1.6,25,31.68,0,Oil/Chem Tanker,SG SMC,-11154.238301636444
9804904,Chemstar Sapphire,2.067732788182538,1.3,6,15.666666666666666,0,Oil/Chem Tanker,SG SMC,-3685.1173832761806
9368778,Christoph Schulte,2.071079178885631,1.9,10,15,0,Gas Carrier,SG SMC,-1368.6334310850445
9220809,Clamor Schulte,2.038673313360255,1.7,36,13.972222222222221,0,Gas Tanker,IN SMC,-9753.791424775342
9694543,CMA CGM Kribi,3.874086379487302,3.9,40,26.25,0,Container,DE SMC,829.2358564063325
9694555,CMA CGM Lekki,2.8271326873588873,3.9,44,14.227272727272727,0,Container,DE SMC,37764.929404967195
9883780,Corn Rizhao,2.0263290919606707,1.5,20,28.85,0,Bulk Carrier,CN SMC,-8421.265471370736
9899480,CS Hu Bei,2.2735935302390997,2.1,18,24.166666666666668,0,Oil/Chem Tanker,IN SMC,-2499.7468354430366
9899478,CS Zhe Jiang,2.5631525633714713,2.1,26,27.884615384615383,0,Oil/Chem Tanker,IN SMC,-9633.573318126599
9723241,Czech,12.897102949031632,6.7,32,20.40625,0,Container,CN SMC,-158645.83549520985
9409493,Diamond Express,2.0773504617346576,1.3,7,25.285714285714285,0,Oli/Chem,SG SMC,-4353.162585714084
9624005,Donata Schulte,2.514494644019702,2.03,30,10.266666666666667,0,Gas Carrier,IN SMC,-11627.871456472847
9618862,Dorothea Schulte,1.9723800896861359,2.03,27,11.592592592592593,0,Gas Tanker,IN SMC,1244.590062779457
9439852,Edzard Schulte,1.542422819133455,1.4,22,14.727272727272727,0,Chemical/Oil Tanker ,CYP SMC,-2506.641616748815
9439840,Elisabeth Schulte,1.3100170572972072,1.4,39,11.717948717948717,0,Chemical/Oil Tanker ,CYP SMC,2807.467812327138
9439876,Elisalex Schulte,1.372827582123709,1.4,40,12.125,0,Chemical/Oil Tanker ,CYP SMC,869.5173720413039
9307994,ELLIE M II,2.29298112188852,1.8,32,31.125,0,Oil/Chem,IN SMC,-12620.316720346105
9394519,Emmy Schulte,1.4657622324113744,1.4,45,11.911111111111111,0,Chemical/Oil Tanker ,CYP SMC,-2367.4403668094737
9498119,Endo Gregale,1.9985110331472562,2.1,16,25.75,0,Oil/Chem Tanker,GR SMC,1299.0587757151231
9407031,Eonia,2.1715660756061768,1.7,32,30.0625,0,Tanker,SG SMC,-12072.091535518115
9439864,Erika Schulte,1.2834031612718813,1.4,20,12.7,0,Chemical/Oil Tanker ,CYP SMC,1865.5494196498955
9439814,Erin Schulte,1.2028335119882203,1.4,34,10.794117647058824,0,Chemical/Oil Tanker ,CYP SMC,5362.9284739204095
9439826,Eva Schulte,1.322020422045413,1.4,33,11.969696969696969,0,Chemical/Oil Tanker ,CYP SMC,2058.660858001097
9439838,Everhard Schulte,1.7256821889463059,1.4,41,29.317073170731707,0,Chemical/Oil Tanker ,CYP SMC,-10682.375797438825
9697155,Fabia Schulte,1.880029149797571,1.3,19,12.578947368421053,0,Bulk Carrier,HK SMC,-8816.443076923075
9841938,Flora Schulte,1.7386557163260103,1.35,39,26,0,Bulk Carrier,HK SMC,-12126.058349371517
9747780,FMG Grace,3.214949494949495,2.7,9,26,0,Bulk Carrier,HK SMC,-3707.636363636362
9747778,FMG Nicola,2.05805811481219,2.7,17,16.823529411764707,0,Bulk Carrier,HK SMC,8730.409638554218
9747792,FMG Sophia,2.8848357924797714,2.7,11,19.363636363636363,0,Bulk Carrier,HK SMC,-1626.5549738219888
9747807,FMG Sydney,2.5196301925025333,2.7,14,20.357142857142858,0,Bulk Carrier,HK SMC,2020.1418439716329
9247560,Folegandros,6.844461800314413,3.5,6,29.666666666666668,0,Container,CN SMC,-16053.416641509184
9861160,Franz Schulte,1.8657823833143485,1.35,38,22.210526315789473,0,Bulk Carrier,GR SMC,-15679.784452756212
9709245,Franziska Schulte,2.001162242204219,1.35,16,12.6875,0,Bulk Carrier,HK SMC,-8334.876700213996
9861172,Freya Schulte,1.7156212519133098,1.35,43,28.953488372093023,0,Bulk Carrier,GR SMC,-12577.371065817862
9721425,Friederike Schulte,2.22405604719764,1.35,10,19.6,0,Bulk Carrier,HK SMC,-6992.4483775811195
9841940,Friedrich Schulte,1.6896848528156199,1.35,60,19.216666666666665,0,Bulk Carrier,HK SMC,-16304.872935149782
9439412,Golden Beijing,1.569411764705882,1.6,17,13.352941176470589,0,Bulk Carrier,SG SMC,416.00000000000057
9842724,Golden Champion,2.2075929549902154,2.8,21,15.857142857142858,0,Bulk Carrier,SG SMC,9952.43835616438
9851804,Golden Comfort,2.6689050772626928,2.8,15,19.733333333333334,0,Bulk Carrier,SG SMC,1573.1390728476802
9856490,Golden Competence,3.0409189139285617,2.8,10,21.2,0,Bulk Carrier,SG SMC,-1927.3513114284935
9856488,Golden Confidence,2.2263739708567294,2.8,13,12.461538461538462,0,Bulk Carrier,SG SMC,5965.710703090014
9842712,Golden Coral,2.4702631578947374,2.8,38,21.42105263157895,0,Bulk Carrier,SG SMC,10023.999999999998
9851816,Golden Courage,2.660357142857143,2.8,4,22.75,0,Bulk Carrier,SG SMC,446.85714285714187
9860116,Golden Fast,2.0262325429577306,1.4,29,15.310344827586206,0,Bulk Carrier,SG SMC,-14528.594996619338
9852523,Golden Fortune,2.166192307692308,1.4,20,20,0,Bulk Carrier,SG SMC,-12259.076923076924
9852535,Golden Forward,2.212222222222222,1.4,9,30.444444444444443,0,Bulk Carrier,SG SMC,-5848.000000000001
9849904,Golden Freeze,1.9378584829804342,1.4,26,15.576923076923077,0,Bulk Carrier,SG SMC,-11187.456445993032
9854301,Golden Friend,2.29,1.4,2,25.5,0,Bulk Carrier,SG SMC,-1424.0000000000002
9849899,Golden Frost,2.15,1.4,3,6,0,Bulk Carrier,SG SMC,-1800.0000000000005
9860128,Golden Furious,2.1853665604172705,1.4,7,7.714285714285714,0,Bulk Carrier,SG SMC,-4398.052738336713
9309162,Green Ace,3.5338505348737708,2.6,22,27,0,Container,SG SMC,-16435.769413778355
9379038,Harris,2.4006447538965765,2.6,26,24.576923076923077,0,Tanker,SG SMC,4146.589118951226
9407380,Horizon Thetis,2.4705555555555554,1.8,18,28.27777777777778,0,Oil Tanker,GR SMC,-9656
9650808,Illawarra Fortune,2.009529838994762,1.3,29,27.517241379310345,0,Bulk Carrier,HK SMC,-16461.09226467847
9925679,Indianapolis,2.3653333333333335,1.5,3,19.333333333333332,0,LPG Carrier,GR SMC,-2076.8
9721437,Interlink Celerity,2.165391191709844,1.35,20,10.7,0,Bulk Carrier,HK SMC,-13046.259067357512
9711755,Interlink Fortuity,1.7887499999999998,1.35,8,23.875,0,Bulk Carrier,HK SMC,-2807.9999999999995
9711767,Interlink Nobility,1.7703024430350014,1.35,44,26.65909090909091,0,Bulk Carrier,HK SMC,-14794.645994832039
9711779,Interlink Solidity,1.8345129016260409,1.35,56,29.589285714285715,0,Bulk Carrier,HK SMC,-21706.17799284662
9363792,Island Express,1.9572336974464233,1.1,13,28.53846153846154,0,Oil/Chem Tanker,SG SMC,-8915.230453442806
9723277,Istanbul Express,17.91137469009611,6.7,29,21.620689655172413,0,Container,CN SMC,-260103.89281022985
9459577,Jane Asphalt,0.65075079368652,0.57,65,29.046153846153846,0,Oil Tanker,DE SMC,-4199.041271699041
9567996,Jasper Dream,2.3373295689298996,1.8,13,26.46153846153846,0,Bulk Carrier,IN SMC,-5588.227516870954
9812121,Jastella,1.9260231660231661,1.3,7,27.714285714285715,0,Tanker - Butumen,SG SMC,-3505.72972972973
9603465,Kaspar Schulte,1.532547297297297,0.9,24,27.083333333333332,0,Bulk Carrier,HK SMC,-12144.908108108108
9836359,Key Sonority,2.2125000000000004,2,20,27.35,0,Bulk Carrier,IN SMC,-3400
9343998,Kohzan Maru V,2.066,1.3,5,25.6,0,Oil/Chem Tanker,SG SMC,-3064
9878058,Lagavulin,2.6470299605775933,3.1,21,28.666666666666668,0,Oil/Chem Tanker,SG SMC,7609.896662296429
9878060,Laphroaig,2.7340779840553835,3.1,65,29,0,Oil/Chem Tanker,SG SMC,19027.94482912014
9699866,Largo Mariner,2.6511699016229526,2.4,52,24.153846153846153,0,Tanker,IN SMC,-10448.66790751481
9942524,Levante LNG,0.3830616925323942,4.1,73,17.91780821917808,0,LNG,DE SMC,217069.1971561082
9406465,London Courage,1.9005022831050227,1.2,15,20.333333333333332,0,Bulk Carrier,IN SMC,-8406.027397260274
9812432,Longrow,1.4873314443819512,1.2,19,32.36842105263158,0,Tanker,SG SMC,-4367.437954605652
9435686,Ludwig Schulte,3.1355806012914456,2.6,16,23.125,0,Container,CYP SMC,-6855.431696530509
9303417,Lv Lizzy,1.7492645925028065,1.2,14,20.428571428571427,0,Oil/Chem Tanker,SG SMC,-6151.7634360314305
9901427,Magnolia Express,2.204667692281966,2.09,11,14.454545454545455,0,Oil Tanker,SG SMC,-1009.0756920813034
9709221,Mai Tai,1.4330953392019825,1.35,40,17.3,0,Bulk Carrier,CYP SMC,-2659.0508544634426
9354935,Manasarovar,3.363533834586467,3.3,,26.944444444444443,0,LPG Carrier,SG SMC,-914.8872180451176
9183570,Marianna 28,1.630679389884301,1.9,34,26.41176470588235,0,Tanker - LPG,SG SMC,7325.520595146997
9304306,Marina Aman,1.5408775796433583,1,23,29.08695652173913,0,Chem oil/ Tanker,SG SMC,-9952.147465437787
9319545,Martini,2.5965138110319725,2.1,26,23.076923076923077,0,Oil/Chem Tanker,GR SMC,-10327.48726946503
9676711,Max Schulte,3.3157636453740076,2.3,40,27.4,0,Container,HK SMC,-32504.436651968215
9676735,Mia Schulte,2.2813434424927257,2.3,41,22.146341463414632,0,Container,HK SMC,611.9350862385995
9220794,Moritz Schulte,1.76145930720434,1.7,39,12.23076923076923,0,Gas Tanker,IN SMC,-1917.530384775423
9741774,Mount Gongga,3.07,2.1,1,3,0,Bulk Carrier,SG SMC,-775.9999999999998
9703590,MP Ultramax 1,1.7508822719455346,1.8,24,10.791666666666666,0,Bulk Carrier,SG SMC,943.0603786457457
9703605,MP Ultramax 2,1.9654952024719465,1.8,13,30,0,Bulk Carrier,SG SMC,-1721.150105708245
9484558,MSC Lome V,4.625579277433826,3.4,21,22.095238095238095,0,Container,SG SMC,-20589.731860888278
9552408,NGM Bond,2.388361813624972,1.7,14,19.714285714285715,0,Bulk Carrier,GR SMC,-7709.652312599681
9595591,NGM Glory,2.145555555555555,1.7,9,24,0,Bulk Carrier,GR SMC,-3208.0000000000005
9595606,NGM Honor,2.251785714285714,1.7,28,18.285714285714285,0,Bulk Carrier,GR SMC,-12360
9375939,NGM Panther,2.328880640943262,1.7,17,27.88235294117647,0,Bulk Carrier,CYP SMC,-8552.776716828357
9966312,Nicolaus Schulte,1.7823024433193924,1.2,11,27.363636363636363,0,Bulk Carrier,CYP SMC,-5124.261501210654
9966300,Nora Schulte,1.531741379310345,1.2,20,16.15,0,Bulk Carrier,CYP SMC,-5307.862068965518
9883041,Nord Minami,2.7328229551650196,2.7,11,19.272727272727273,0,Oil Tanker /Chem,SG SMC,-288.8420054521745
9890939,Nord Mirai,2.667114907166287,2.6,35,21.571428571428573,0,Oil Tanker /Chem,SG SMC,-1879.217400656061
9890927,Nord Miyako,3.196750581530319,2.6,12,29.833333333333332,0,Oil Tanker /Chem,SG SMC,-5728.80558269106
9624627,Nord Nanami,1.2921128584643848,0.9,15,25.6,0,Bulk Carrier,HK SMC,-4705.354301572618
9800104,Nordic Ace,1.8086283040163742,1.1,20,24.9,0,Oil/Chem Tanker,SG SMC,-11338.05286426199
9800051,Nordic Ami,1.8212889022566445,1.1,9,13.777777777777779,0,Oil/Chem Tanker,SG SMC,-5193.280096247838
9800116,Nordic Aqua,1.47,1.1,9,25,0,Oil/Chem Tanker,SG SMC,-2663.999999999999
9884966,Nordic Nuluujaak,3.156935805626598,2.5,10,16.4,0,Bulk Carrier,CYP SMC,-5255.486445012788
9727120,Nordic Oasis,1.772050393597289,1.5,26,17.153846153846153,0,Bulk Carrier,CYP SMC,-5658.648186823618
9687239,Nordic Odin,1.3937642101491485,1.5,13,14,0,Bulk Carrier,CYP SMC,1104.8522144488527
9529451,Nordic Odyssey,1.686656126482213,1.4,25,11.44,0,Bulk Carrier,CYP SMC,-5733.122529644271
9727118,Nordic Olympic,1.6057142857142856,1.5,7,17,0,Bulk Carrier,CYP SMC,-591.9999999999998
9529463,Nordic Orion,1.8387621483375955,1.4,23,5.869565217391305,0,Bulk Carrier,CYP SMC,-8073.223529411765
9687227,Nordic Oshima,1.4748001756697406,1.5,23,11.956521739130435,0,Bulk Carrier,CYP SMC,463.6767676767682
9884978,Nordic Qinngua,2.452419121057514,2.5,32,12,0,Bulk Carrier,CYP SMC,1218.0705009276428
9895795,Nordic Sanngijuq,2.9199464393767496,2.5,16,22,0,Bulk Carrier,CYP SMC,-5375.314424022387
9895800,Nordic Siku,2.808823529411764,2.5,17,9.764705882352942,0,Bulk Carrier,CYP SMC,-4200
9405916,Oak Express,2.2985375216026553,2.2,19,21.36842105263158,0,Chemical Tanker,SG SMC,-1497.7703283603628
9337004,Oceanus,2.594927536231884,2,6,14.666666666666666,0,Oil Tanker,CYP SMC,-2855.652173913044
9522972,Ore China,3.4166666666666665,3,12,22.916666666666668,0,Ore Carrier,IN SMC,-4000
9532513,Ore Dongjiakou,3.0625,3,8,27.25,0,Ore Carrier,IN SMC,-400
9532537,Ore Hebei,3.200434782608696,3,23,27.565217391304348,0,Ore Carrier,IN SMC,-3688
9532549,Ore Shandong,3.070974108905143,3,9,17.555555555555557,0,Ore Carrier,IN SMC,-511.0135841170319
9778478,Pacific Hong Kong,3.466666666666667,2.7,1,31,0,Gas Tanker,SG SMC,-613.3333333333333
9732242,Pacific Treasures,3.0496394686907022,3.3,17,20,0,Oil/Chem Tanker,SG SMC,3404.9032258064503
9405928,Pine Express,2.10608853007396,2.2,23,25.434782608695652,0,Chemical Tanker,SG SMC,1727.9710466391361
9403310,PIS Paragon,1.7748387096774194,1.1,4,14.25,0,Oil/Chem,SG SMC,-2159.4838709677415
9294563,PIS Pioneer,2.0346666666666673,2.7,75,26.906666666666666,0,Tanker,SG SMC,39920
9426295,PIS Polaris,2.0130268199233714,1.1,9,27.22222222222222,0,Oil/Chem,SG SMC,-6573.793103448276
9645798,PIS Sumatera,2.237012987012987,2,11,20.818181818181817,0,Chem oil/ Tanker,SG SMC,-2085.714285714286
9803235,Poestella,1.6484624521997664,1.3,20,19,0,Tanker - Butumen,SG SMC,-5575.399235196259
9407524,PPS Luck,1.465389718645706,0.9,23,18.043478260869566,0,Bulk Carrier,IN SMC,-10403.170823080989
9923451,Proteus Elsie,0.420115477344949,3.4,15,19.666666666666668,0,Oil/Chem Tanker,SG SMC,35758.61427186061
9923401,Proteus Harvonne,1.7890938466408552,3.4,18,26.11111111111111,0,Oil/Chem Tanker,SG SMC,23197.048608371686
9923463,Proteus Ingrid,0.6707867353885053,3.4,14,19.928571428571427,0,Oil/Chem Tanker,SG SMC,30567.188563648742
9923425,Proteus Philippa,1.033530810950166,3.4,31,22.870967741935484,0,Oil/Chem Tanker,SG SMC,58688.43588843589
9923475,Proteus Rong Na,0.21466761372910703,3.4,17,23.88235294117647,0,Oil/Chem Tanker,SG SMC,43320.520453284145
9923413,Proteus Sinead,0.2735833860166061,3.4,11,20,0,Oil/Chem Tanker,SG SMC,27512.466203053868
9923449,Proteus Tracy,1.4933661428262155,3.4,18,27.444444444444443,0,Oil/Chem Tanker,SG SMC,27455.527543302505
9665308,Raina,1.6732980845683318,1.3,6,30.333333333333332,0,Bulk Carrier,SG SMC,-1791.8308059279925
9576753,Rebecca Schulte,2.512079270210758,2.5,17,19.058823529411764,0,Oil/Chem Tanker,SG SMC,-164.27807486630968
9576789,Reinhold Schulte,2.3870487669885003,2.5,7,14.857142857142858,0,Oil/Chem Tanker,SG SMC,632.5269048643993
9542489,ROSCO Banyan,1.7789636495133874,1.1,18,27.166666666666668,0,Bulk Carrier,CN SMC,-9777.076552992783
9803247,Rostella,2.0786979572742865,1.3,11,21.363636363636363,0,Tanker - Butumen,SG SMC,-6852.542024013722
9576765,Rudolf Schulte,2.5770247292106068,2.5,25,29.04,0,Oil/Chem Tanker,SG SMC,-1540.494584212142
9568495,Sakura Advance,1.9122222222222223,1.5,18,31.88888888888889,0,Oil/Chem Tanker,SG SMC,-5936
9568500,Sakura Belle,2.109178082191781,1.5,9,27.666666666666668,0,Oil/Chem Tanker,SG SMC,-4386.0821917808225
9568512,Sakura Crest,1.809790387632536,1.5,7,32.57142857142857,0,Oil/Chem Tanker,SG SMC,-1734.8261707422025
9682887,Sea Bliss,1.6891488469601676,1.1,15,15.733333333333333,0,Bulk Carrier,HK SMC,-7069.7861635220115
9308950,Sea Senor,2.4410909090909105,3.1,44,13.795454545454545,0,Tanker,SG SMC,23193.600000000002
9525821,SFL Hudson,2.185265231092437,2.1,32,17.3125,0,Bulk Carrier,SG SMC,-2182.7899159663857
9617935,SFL Pearl,2.4696367213480976,2.5,15,24.8,0,Bulk Carrier,SG SMC,364.3593438228269
9539834,SFL Sara,2.2626086956521734,2.1,23,17.043478260869566,0,Bulk Carrier,SG SMC,-2991.9999999999986
9617947,SFL Yangtze,2.442845266827568,2.8,33,26.03030303030303,0,Bulk Carrier,SG SMC,9428.884955752212
9600839,SFL Yukon,2.122639318795043,2.1,22,28.818181818181817,0,Bulk Carrier,SG SMC,-398.45201079275193
9971484,Shine Agate,2.04,1.1,4,25.5,0,Bulk Carrier,CN SMC,-3007.9999999999995
9971458,Shine Amber,1.8870967741935476,1.1,31,26.35483870967742,0,Bulk Carrier,CN SMC,-19520
9971460,Shine Coral,1.962947152439018,1.1,9,23,0,Bulk Carrier,CN SMC,-6213.219497560927
9743617,Spirit Of Seatrek,1.7259796027911976,1.4,33,13.818181818181818,0,Bulk Carrier,SG SMC,-8605.8615136876
9313101,Sriwangi,1.8147087221095335,2.1,25,31.32,0,Tanker,SG SMC,5705.825557809331
9313096,Sriwangi II,1.8661788713771377,2.1,41,30.24390243902439,0,Tanker,SG SMC,7669.333018829881
9723265,Sydney Express,8.014341365528013,6.7,28,22.857142857142858,0,Container,CN SMC,-29441.246587827496
9542984,Thalea Schulte,2.8177921315325896,2.1,13,28.46153846153846,0,Gas Carrier,IN SMC,-7465.03816793893
9551777,Thekla Schulte,2.312430156907769,2.1,26,15.076923076923077,0,Gas Carrier,IN SMC,-4418.547263681589
9553622,Theresa Schulte,2.2772451411636596,2.1,19,28.210526315789473,0,Gas Carrier,IN SMC,-2694.1261456876205
9897925,TM Lustrous,1.8914529914529912,1.5,18,17,0,Bulk Carrier,HK SMC,-5636.923076923077
9552800,Topaz Express,2.3,1.3,3,23.333333333333332,0,Oli/Chem,SG SMC,-2399.999999999999
9378773,Torero,0.8419894402645168,1.1,43,31.209302325581394,0,Oil/Chem Tanker,SG SMC,8875.563254900622
9718387,True Nautilus,2.56,2.1,2,26,0,Bulk Carrier,SG SMC,-736
9713076,True North,2.7291666666666665,2.1,4,9.25,0,Bulk Carrier,SG SMC,-2013.333333333333
9660023,United Crown,1.9777171608265944,1.5,15,28.933333333333334,0,Bulk Carrier,IN SMC,-5732.6059299191365
9546813,United Dignity,2.2545454545454544,2,11,28,0,Bulk Carrier,IN SMC,-2240.0000000000005
9793234,Vega Sea,3.225,3.1,4,18,0,Gas Tanker,SG SMC,-400
9793260,Vega Song,3.4450000000000003,3.1,2,16.5,0,Gas Tanker,SG SMC,-551.9999999999999
9793246,Vega Star,4.08,3.1,1,28,0,Gas Tanker,SG SMC,-784
9793258,Vega Sun,2.6300000000000003,3.1,20,24.4,0,Gas Tanker,SG SMC,7520
9398242,Wan Hai 721,14.208,4.4,1,27,0,Container,CN SMC,-7846.4
9186687,Weser Stahl,1.526019923179382,2.2,37,6.594594594594595,0,Bulk Carrier,IN SMC,19949.81027389029
9396799,Wisteria,2.882301204819277,2.2,20,30.25,0,Tanker,IN SMC,-10916.819277108432
9360958,Xena,1.5367908231324239,1.3,19,25.57894736842105,0,Oil/Chem Tanker,SG SMC,-3599.2205116128453
9694385,Zita Schulte,2.4309684417291333,2.6,15,24.666666666666668,0,Gas Carrier,IN SMC,2028.3786992504017
9675078,Zoe Schulte,2.610840336134454,2.6,28,19.321428571428573,0,Gas Carrier,IN SMC,-242.82352941176376
