Min of VSL_IMO_NUMBER,VSL_NAME,Average of AE Cons,BASE LINE AE Sea FOC (MT/DAY),Count of Type,Average of Tsw,Median of ReeferOnboard,Primary Manager,First Type
9635688,SFL Maui,4.039277018633539,6.1,14,20.428571428571427,736,SG SMC,Container Ship
9619464,MSC Agadir,11.859396721663215,12,10,20.6,571,IN SMC,Container Ship
9723241,Czech,6.666461513199444,9,12,21.333333333333332,535,CN SMC,Container Ship
9302944,Margarete Schulte,3.216237295757777,4.1,31,21,499,IN SMC,Container Ship
9717204,Cap San Juan,7.045210012983102,7.4,22,19.272727272727273,438,SG SMC,Container Ship
9717228,Cap San Vincent,7.458167719694493,7.4,22,21.59090909090909,346,SG SMC,Container Ship
9811000,Ever Given,9.09729769820972,8.9,10,16,291,HK SMC,Container Ship
9440772,ANL Warrnambool,4.486611787237161,5.2,20,22.8,274,DE SMC,Container Ship
9301926,Lucie Schulte,3.6431723530680102,4.1,38,24.18421052631579,248,GR SMC,Container Ship
9605152,MSC Lagos X,9.960843076923076,9.6,5,19.4,239,HK SMC,Container Ship
9224520,Wan Hai 613,6.681249831108761,6.6,25,24,238,CN SMC,Container Ship
9769300,One Tradition,8.8848,8.8,1,26,236,HK SMC,Container Ship
9215323,W Kithira,8.165266358527605,7.8,21,22.523809523809526,217,CYP SMC,Container Ship
9850795,EVER FIT,9.804014684569479,10.4,48,20.708333333333332,209,HK SMC,Container Ship
9698642,San Fernando,10.778879803579256,13,47,23.893617021276597,207,SG SMC,Container Ship
9535204,Hubert Schulte,4.845296703277829,5.1,24,20.625,204,HK SMC,Container Ship
9306158,Chennai Express,6.354177102528692,7.4,25,17.64,199,DE SMC,Container Ship
9248124,CMA CGM Puget,5.7112,5.69,2,23.5,197,DE SMC,Container Ship
9717216,Cap San Lazaro,7.5474808587547715,7.4,20,18.7,192,SG SMC,Container Ship
9694438,Majestic,3.898467255953961,3.6,52,22.173076923076923,151,CYP SMC,Container Ship
9694426,Mieke Schulte,3.5221353959930446,3.6,27,24.25925925925926,146,CYP SMC,Container Ship
9211494,W Kyrenia,6.726216304347825,7.8,16,22,140,CYP SMC,Container Ship
9377133,CMA CGM Semarang,2.4814752816163317,3.7,25,17.04,128,DE SMC,Container Ship
9215311,W Kampala,6.421655590999169,7.8,23,18.043478260869566,122,CYP SMC,Container Ship
9567661,Seroja Lima,6.397929963154016,8,10,24.4,119,HK SMC,Container Ship
9224518,Wan Hai 612,6.744973752638659,6.6,,21.512820512820515,113,CN SMC,
9605231,MSC Dakar X,9.902222837268956,9.6,8,17.5,106,HK SMC,Container Ship
9326407,Wan Hai 507,5.100612848105321,5.1,32,29.09375,90,CN SMC,Container Ship
9484546,Bernhard Schulte,4.441240970234856,5.6,25,21.52,88,SG SMC,Container Ship
9665657,Charlotte Schulte,4.7165908421204685,4.7,43,27.511627906976745,86,HK SMC,Container Ship
9850800,EVER FAME,9.04610633610829,10.4,49,19.306122448979593,83,HK SMC,Container Ship
9623673,RDO Fortune,5.179106741100809,4.8,33,24.606060606060606,80,DE SMC,Container Ship
9365972,CMA CGM Goya,0.07335793531545842,,10,12,76,DE SMC,Container Ship
9436422,CMA CGM Ambarli,6.308962961619155,6.2,18,18.333333333333332,73,DE SMC,Container Ship
9698654,San Francisca,6.576523943661972,6.5,1,20,69,SG SMC,Container Ship
9676709,Mathilde Schulte,3.65612260322511,3.6,17,19.352941176470587,68,HK SMC,Container Ship
9694402,Meridian,3.2391214375230555,3.6,25,29.32,66,CYP SMC,Container Ship
9623661,RDO Favour,4.041862837684888,4.8,23,30.217391304347824,66,DE SMC,Container Ship
9301938,Hannah Schulte,4.635834399108598,4.1,10,27.2,66,GR SMC,Container Ship
9224506,Wan Hai 611,6.060690181444784,6.6,46,26.17391304347826,64,CN SMC,Container Ship
9340752,Phen Basin,5.224872087588817,4.9,9,21.77777777777778,64,CYP SMC,Container Ship
9555101,Wan Hai A08,5.9495283674495445,7,52,26.03846153846154,63,CN SMC,Container Ship
9342700,Wan Hai 316,4.1632272402439625,3.6,13,24.076923076923077,61,CN SMC,Container Ship
9728253,Maersk Shivling,6.773908695652175,6,12,11.25,60,CYP SMC,Container Ship
9743497,Matthew Schulte,3.7719838518458477,3.6,11,18.09090909090909,60,HK SMC,Container Ship
9328481,Gerhard Schulte,2.95985716365275,6,48,12.3125,58,CN SMC,Container Ship
9631113,Lyme Bay,4.448400350569677,4.8,7,24.285714285714285,56,DE SMC,Container Ship
9665669,Christa Schulte,4.39911198180381,4.7,51,17.294117647058822,53,HK SMC,Container Ship
9560376,San Diego Bridge,5.318306429475834,7.4,26,12.615384615384615,52,HK SMC,Container Ship
9550307,CMA CGM Nacala,2.356423558768425,1.9,20,26.45,48,DE SMC,Container Ship
9555096,Wan Hai A07,7.184023315710653,7,32,26.28125,46,CN SMC,Container Ship
9307035,Wan Hai 622,6.494297093392061,6.5,36,27.22222222222222,46,CN SMC,Container Ship
9362736,CMA CGM Cebu,3.452363719039849,2.8,27,25.74074074074074,39,DE SMC,Container Ship
9342712,Wan Hai 317,3.4374231080664948,3.6,48,25.875,38,CN SMC,Container Ship
9326419,Wan Hai 508,5.131090818295141,5.1,28,22.571428571428573,36,CN SMC,Container Ship
9535163,Henrika Schulte,4.915894688301782,5.1,32,20.625,33,HK SMC,Container Ship
9619476,MSC Antigua,10.522257971014497,12,34,26.58823529411765,33,IN SMC,Container Ship
9294886,Wan Hai 506,5.108112715212296,5.1,42,26.80952380952381,31,CN SMC,Container Ship
9211482,W Klaipeda,8.036822863054443,7.8,22,22.772727272727273,30,CYP SMC,Container Ship
9326433,Wan Hai 510,3.901887009952524,5.1,41,25.829268292682926,26,CN SMC,Container Ship
9786085,Maersk Zambezi,4.335577194672336,4.6,22,25.454545454545453,26,CYP SMC,Container Ship
9676723,Melchior Schulte,3.1544365774536733,3.6,48,20.979166666666668,23,HK SMC,Container Ship
9531909,Hans Schulte,5.96780652173913,5.1,8,29.125,22,IN SMC,Container Ship
9298997,Wan Hai 625,5.625006342325873,6.2,49,21.285714285714285,20,CN SMC,Container Ship
9665683,Carl Schulte,4.358960993975657,4.7,45,20.822222222222223,20,HK SMC,Container Ship
9309150,Asian Ace,2.8668879986526434,3.2,31,27.93548387096774,20,SG SMC,Container Ship
9665671,Clemens Schulte,4.0310746659607615,4.7,43,21.651162790697676,18,HK SMC,Container Ship
9535187,Hermann Schulte,4.316621118012422,5.1,7,22,18,HK SMC,Container Ship
9740457,Maersk Skarstind,7.458755466474802,7.8,48,21.020833333333332,15,SG SMC,Container Ship
9395094,CMA CGM Arica,2.5404749712804446,2.7,56,28.071428571428573,14,DE SMC,Container Ship
9732591,Maersk Sarat,7.780114152349529,7.8,38,23.81578947368421,13,SG SMC,Container Ship
9321017,Wan Hai 623,6.434257320319432,6.5,42,21.071428571428573,12,CN SMC,Container Ship
9301433,CMA CGM Malta,4.173757418941195,4.5,12,22,10,DE SMC,Container Ship
9275050,CMA CGM Puerto Antioquia,4.104690037705722,4.5,23,28.47826086956522,10,DE SMC,Container Ship
9532771,APL Turkey,6.1947393728222995,6,2,18.5,10,DE SMC,Container Ship
9743473,Mimmi Schulte,3.1227984729207514,3.6,27,20.074074074074073,9,HK SMC,Container Ship
9958535,CUL Klang,3.863179715724102,3.2,34,26.970588235294116,8,CN SMC,Container Ship
9395068,CMA CGM Callao,2.4283253200798773,2.7,52,27,8,DE SMC,Container Ship
9958523,CUL Qingdao,3.545576030298512,3.2,66,27.636363636363637,6,CN SMC,Container Ship
9706279,CNC Bangkok,3.7486028332663026,3.3,24,28.583333333333332,6,DE SMC,Container Ship
9676735,Mia Schulte,2.8688336407823254,3.6,32,15.53125,4,HK SMC,Container Ship
9743485,Molly Schulte,3.2997115987460814,3.6,4,28.25,3,HK SMC,Container Ship
9676711,Max Schulte,3.8939225368981116,3.6,18,26.166666666666668,2,HK SMC,Container Ship
9297474,Lady Jane,6.409217950013374,6,22,26.181818181818183,2,CYP SMC,Container Ship
9694414,Mariner,3.211930334067265,3.6,32,27.03125,2,CYP SMC,Container Ship
9302956,CMA CGM Beira,4.230238638736633,4.1,19,27.05263157894737,1,DE SMC,Container Ship
9883780,Corn Rizhao,2.6022854886615097,2.3,65,23.6,0,CN SMC,Bulk Carrier
9328493,Gottfried Schulte,6.194070041956533,6,7,28.571428571428573,0,CN SMC,Container Ship
9542489,ROSCO Banyan,1.8642559287901002,1.5,66,21.59090909090909,0,CN SMC,Bulk Carrier
9971484,Shine Agate,2.167186695761963,1.5,49,18.122448979591837,0,CN SMC,Bulk Carrier
9971458,Shine Amber,2.4115077124507343,1.5,47,29.97872340425532,0,CN SMC,Bulk Carrier
9971460,Shine Coral,2.4798267912020675,1.5,51,27.568627450980394,0,CN SMC,Bulk Carrier
9660566,Anglo Barinthus,3.1599799798895734,3,58,10.741379310344827,0,CYP SMC,Bulk Carrier
9599133,Anglo Cynosure,1.648603328991171,2.6,47,10.53191489361702,0,CYP SMC,Bulk Carrier
9520833,Anglo Marimar,2.309643559626048,2.6,31,35.25806451612903,0,CYP SMC,Bulk Carrier
9660578,Anglo Red,2.7032274157164493,3,67,24.567164179104477,0,CYP SMC,Bulk Carrier
9714769,Caipirinha,2.3181828177284216,2.3,62,23.838709677419356,0,CYP SMC,Bulk Carrier
9545285,Duke I,2.481304347826087,1.5,9,28.88888888888889,0,CYP SMC,Bulk Carrier
9439852,Edzard Schulte,1.3432768755979407,2.1,23,15.26086956521739,0,CYP SMC,Tanker
9439840,Elisabeth Schulte,1.4420171673616293,2.1,29,11.827586206896552,0,CYP SMC,Tanker
9439876,Elisalex Schulte,1.497062811195773,2.1,10,12.5,0,CYP SMC,Tanker
9394519,Emmy Schulte,1.5418595612505872,2.1,18,11.666666666666666,0,CYP SMC,Tanker
9439864,Erika Schulte,1.390111833920617,2.1,40,13.9,0,CYP SMC,Tanker
9439814,Erin Schulte,1.108948310825863,2.1,14,7.428571428571429,0,CYP SMC,Tanker
9439826,Eva Schulte,1.2141651913956102,2.1,15,9.933333333333334,0,CYP SMC,Tanker
9439838,Everhard Schulte,1.8499023269291466,2.1,26,29.076923076923077,0,CYP SMC,Tanker
9709221,Mai Tai,1.8961438886278683,2.3,31,18.838709677419356,0,CYP SMC,Bulk Carrier
9375939,NGM Panther,2.368991113351043,2.1,70,29.757142857142856,0,CYP SMC,Bulk Carrier
9966312,Nicolaus Schulte,1.8706192600352334,1.5,57,27.31578947368421,0,CYP SMC,Bulk Carrier
9966300,Nora Schulte,1.7534453098762564,1.5,66,23.151515151515152,0,CYP SMC,Bulk Carrier
9884966,Nordic Nuluujaak,3.6296836220987245,3.6,19,12.105263157894736,0,CYP SMC,Bulk Carrier
9727120,Nordic Oasis,1.74941324137931,1.9,20,14.75,0,CYP SMC,Bulk Carrier
9687239,Nordic Odin,1.4966635928788845,1.9,58,19.982758620689655,0,CYP SMC,Bulk Carrier
9727118,Nordic Olympic,1.8291653973013497,1.9,50,22.5,0,CYP SMC,Bulk Carrier
9529463,Nordic Orion,1.885714285714286,2.1,7,11.428571428571429,0,CYP SMC,Bulk Carrier
9687227,Nordic Oshima,1.9880270919324576,1.9,10,27.8,0,CYP SMC,Bulk Carrier
9884978,Nordic Qinngua,2.9057391304347826,3.6,21,17.38095238095238,0,CYP SMC,Bulk Carrier
9895795,Nordic Sanngijuq,2.9683663267004086,3.6,59,24.440677966101696,0,CYP SMC,Bulk Carrier
9895800,Nordic Siku,3.1608611500701254,3.6,31,22.35483870967742,0,CYP SMC,Bulk Carrier
9337004,Oceanus,3.3,2.3,1,19,0,CYP SMC,Tanker
9331206,Andalucia Express,0.02695326468333046,,65,19.907692307692308,0,DE SMC,Ro-Ro Ship
9331191,Canarias Express,0.05664548410819474,,44,20.227272727272727,0,DE SMC,Ro-Ro Ship
9694555,CMA CGM Lekki,4.146637724075845,4.7,13,20.846153846153847,0,DE SMC,Container Ship
9459577,Jane Asphalt,0.7836587628566514,0.85,15,28.466666666666665,0,DE SMC,Tanker
9271999,Moyra,0.12424836601307189,,32,22.59375,0,DE SMC,Tanker
9789714,Aquarama,3.0270919449970037,3.4,49,16.510204081632654,0,GR SMC,LPG Carrier
9254941,Coral Shasta,0.06769230769230769,,13,11.692307692307692,0,GR SMC,LPG Carrier
9393955,EKO 2,0.5721077030069593,,6,19,0,GR SMC,Tanker
9498119,Endo Gregale,1.8105507252402337,2.5,57,27.75438596491228,0,GR SMC,Tanker
9426506,Endo Ponente,0.8310027204479619,,40,18.625,0,GR SMC,Tanker
9861160,Franz Schulte,2.095843874121098,2.3,40,15.175,0,GR SMC,Bulk Carrier
9861172,Freya Schulte,1.827242784805505,2.3,32,26.53125,0,GR SMC,Bulk Carrier
9878888,Gui Ying,0.2713364742367291,,53,20.50943396226415,0,GR SMC,LNG Carrier
9407380,Horizon Thetis,2.742184734875345,2.5,30,28.133333333333333,0,GR SMC,Tanker
9925679,Indianapolis,2.4426760869565216,1.7,16,21.3125,0,GR SMC,LPG Carrier
9938523,Legislator,0.2677656750572083,,38,23.05263157894737,0,GR SMC,LPG Carrier
9892133,LNG Geneva,0.1369482493368092,,63,21.92063492063492,0,GR SMC,LNG Carrier
9917555,Lng Harmony,0.23921078873266247,,66,24.515151515151516,0,GR SMC,LNG Carrier
9902938,Lng Prosperity,0.17174058772798334,,52,26.057692307692307,0,GR SMC,LNG Carrier
9319545,Martini,2.732619062798634,3.6,23,22.26086956521739,0,GR SMC,Tanker
9938535,Mercator,0.22836466504685868,,67,26.059701492537314,0,GR SMC,LPG Carrier
9878876,Mu Lan,0.21391962002192175,,68,26.352941176470587,0,GR SMC,LNG Carrier
9552408,NGM Bond,2.8284358003950856,2.9,67,25.850746268656717,0,GR SMC,Bulk Carrier
9595591,NGM Glory,2.3493142759802454,2.9,69,23.333333333333332,0,GR SMC,Bulk Carrier
9595606,NGM Honor,3.0286293850148094,2.9,50,28.86,0,GR SMC,Bulk Carrier
9902926,Orion Bohemia,0.16798150402997336,,38,27.05263157894737,0,GR SMC,LNG Carrier
9917543,Orion Jessica,0.5898550724637681,,27,22.296296296296298,0,GR SMC,LNG Carrier
9889904,Orion Sea,0.3436108291323274,,38,22.13157894736842,0,GR SMC,LNG Carrier
9889916,Orion Sun,0.22874751387604067,,64,24.34375,0,GR SMC,LNG Carrier
9938511,Pacificator,0.48688928424319855,,13,24.076923076923077,0,GR SMC,LPG Carrier
9892456,Tenergy,0.3754174112332682,,77,22.571428571428573,0,GR SMC,LNG Carrier
9806768,Anna Schulte,1.8343921203426719,1.2,35,24.34285714285714,0,HK SMC,Bulk Carrier
9806782,Astrid Schulte,1.9492193748600322,1.2,45,20.933333333333334,0,HK SMC,Bulk Carrier
9969168,Barism Alice,1.7150524008797947,1.4,59,18.305084745762713,0,HK SMC,Bulk Carrier
9425954,CLM Pearl,0.878117217949241,,5,32.2,0,HK SMC,Bulk Carrier
9697155,Fabia Schulte,1.9187125320714067,2.1,61,19.40983606557377,0,HK SMC,Bulk Carrier
9841938,Flora Schulte,2.025182557664621,2.3,33,22.90909090909091,0,HK SMC,Bulk Carrier
9747780,FMG Grace,3.553901302761637,4.2,55,29.10909090909091,0,HK SMC,Bulk Carrier
9747778,FMG Nicola,3.00708511274534,4.2,55,26.545454545454547,0,HK SMC,Bulk Carrier
9747792,FMG Sophia,3.249413652374797,4.2,53,26.22641509433962,0,HK SMC,Bulk Carrier
9747807,FMG Sydney,2.9418267411761154,4.2,46,27.869565217391305,0,HK SMC,Bulk Carrier
9709245,Franziska Schulte,2.2691963662201062,2.3,51,18.96078431372549,0,HK SMC,Bulk Carrier
9721425,Friederike Schulte,2.030132705595622,2.3,51,18.725490196078432,0,HK SMC,Bulk Carrier
9841940,Friedrich Schulte,1.9583349880942666,2.3,24,21.791666666666668,0,HK SMC,Bulk Carrier
9650808,Illawarra Fortune,2.1302345198033446,1.9,51,28.41176470588235,0,HK SMC,Bulk Carrier
9721437,Interlink Celerity,2.355913400806797,2.3,39,16.692307692307693,0,HK SMC,Bulk Carrier
9711755,Interlink Fortuity,2.251441766272443,2.3,49,24.591836734693878,0,HK SMC,Bulk Carrier
9711767,Interlink Nobility,2.219544709850054,2.3,16,26.5625,0,HK SMC,Bulk Carrier
9711779,Interlink Solidity,2.1131454609205664,2.3,22,30.727272727272727,0,HK SMC,Bulk Carrier
9603465,Kaspar Schulte,1.619946070591119,1.4,43,25.41860465116279,0,HK SMC,Bulk Carrier
9624627,Nord Nanami,1.3107353459076638,1.3,67,25.35820895522388,0,HK SMC,Bulk Carrier
9682887,Sea Bliss,1.635236097808919,1.4,50,20.26,0,HK SMC,Bulk Carrier
9897925,TM Lustrous,1.7676788541088568,1.9,65,24.615384615384617,0,HK SMC,Bulk Carrier
9624380,Abram Schulte,1.7090273684652402,1.2,49,29.653061224489797,0,IN SMC,Bulk Carrier
9700067,Adam Schulte,2.3280989705197377,1.99,30,28.266666666666666,0,IN SMC,Bulk Carrier
9362970,Baosteel Education,3.35081280375398,2.5,13,24.46153846153846,0,IN SMC,Bulk Carrier
9383895,Central,2.7635249331149008,2.8,4,29.75,0,IN SMC,Tanker
9220809,Clamor Schulte,2.210091104944578,1.9,14,12,0,IN SMC,LPG Carrier
9899480,CS Hu Bei,2.3515690855817777,2.7,34,25.08823529411765,0,IN SMC,Tanker
9899478,CS Zhe Jiang,2.670481491985481,2.7,27,27.74074074074074,0,IN SMC,Tanker
9624005,Donata Schulte,2.041385084719973,2.76,13,12.153846153846153,0,IN SMC,LPG Carrier
9618862,Dorothea Schulte,2.1304821424923777,2.76,21,16,0,IN SMC,LPG Carrier
9307994,ELLIE M II,2.950208791208791,2.5,16,27.8125,0,IN SMC,Tanker
9567996,Jasper Dream,3.0977954818290954,2.3,7,20.571428571428573,0,IN SMC,Bulk Carrier
9836359,Key Sonority,2.335032193993365,2.4,48,28.708333333333332,0,IN SMC,Bulk Carrier
9699866,Largo Mariner,2.626199194400039,3.1,13,21.692307692307693,0,IN SMC,Tanker
9406465,London Courage,2.618181818181818,2,1,16,0,IN SMC,Bulk Carrier
9220794,Moritz Schulte,1.9646248418332084,1.9,24,14.416666666666666,0,IN SMC,LPG Carrier
9522972,Ore China,5.051980676328501,4.4,36,24.166666666666668,0,IN SMC,Bulk Carrier
9532513,Ore Dongjiakou,5.14382086630231,4.4,41,22.341463414634145,0,IN SMC,Bulk Carrier
9532537,Ore Hebei,5.067712887962798,4.4,25,24.2,0,IN SMC,Bulk Carrier
9532549,Ore Shandong,4.799945322793148,4.4,72,21.791666666666668,0,IN SMC,Bulk Carrier
9542984,Thalea Schulte,2.764280762170787,2.75,18,26.666666666666668,0,IN SMC,LPG Carrier
9551777,Thekla Schulte,2.236142242055375,2.75,52,18.615384615384617,0,IN SMC,LPG Carrier
9553622,Theresa Schulte,2.492059281093916,2.75,59,26.16949152542373,0,IN SMC,LPG Carrier
9660023,United Crown,2.4408293841612942,2.3,60,29.75,0,IN SMC,Bulk Carrier
9546813,United Dignity,2.6355643791420222,2.4,61,27.75409836065574,0,IN SMC,Bulk Carrier
9186687,Weser Stahl,0,3,30,11.133333333333333,0,IN SMC,General Cargo Ship
9396799,Wisteria,3.051996353689231,2.6,13,29.692307692307693,0,IN SMC,Tanker
9694385,Zita Schulte,2.734383876757417,3,58,26.396551724137932,0,IN SMC,LPG Carrier
9675078,Zoe Schulte,2.7437019436195405,3,46,23.304347826086957,0,IN SMC,LPG Carrier
9880192,Marvel Swan,0.22663934582935114,,70,24.714285714285715,0,PRONAV,LNG Carrier
9878022,Aberlour,3.18000986030529,3.9,42,26.238095238095237,0,SG SMC,Tanker
9476599,Acacia,1.5482904714997245,1.2,55,30.363636363636363,0,SG SMC,Tanker
9624768,Amelia,1.977890997965099,1.6,47,26.80851063829787,0,SG SMC,Tanker
9878034,Ardmore,2.3012201328392696,3.9,25,27.88,0,SG SMC,Tanker
9878010,Arran,3.318065453721824,3.9,30,28.8,0,SG SMC,Tanker
9901415,Aspen Express,2.0825620796928477,2.28,32,23.40625,0,SG SMC,Tanker
9858797,Bowmore,2.8800244123064305,3.9,28,29.607142857142858,0,SG SMC,Tanker
9674842,Breeze,4.504,4,18,23.61111111111111,0,SG SMC,LPG Carrier
9460629,BTS Elizabeth,1.6910774424552428,1.8,5,29,0,SG SMC,Tanker
9333278,Challenge Prelude,1.879731634695233,1.8,24,32.25,0,SG SMC,Tanker
9804904,Chemstar Sapphire,1.87079832537421,1.7,48,20.166666666666668,0,SG SMC,Tanker
9368778,Christoph Schulte,2.134283730105317,2,18,20,0,SG SMC,LPG Carrier
9409493,Diamond Express,1.8422610524304102,1.4,30,27.3,0,SG SMC,Tanker
9407031,Eonia,2.252026197903358,1.8,27,30.22222222222222,0,SG SMC,Tanker
9842724,Golden Champion,3.5866436073243526,3.9,56,25,0,SG SMC,Bulk Carrier
9851804,Golden Comfort,3.812637400587884,3.9,62,19.967741935483872,0,SG SMC,Bulk Carrier
9856490,Golden Competence,3.671695487784018,3.9,75,24.213333333333335,0,SG SMC,Bulk Carrier
9856488,Golden Confidence,3.4579528026535824,3.9,64,18.765625,0,SG SMC,Bulk Carrier
9842712,Golden Coral,3.9373902572523263,3.9,29,24.724137931034484,0,SG SMC,Bulk Carrier
9851816,Golden Courage,3.813653505110445,3.9,82,23.51219512195122,0,SG SMC,Bulk Carrier
9860116,Golden Fast,3.1471024306910333,2.4,38,21.842105263157894,0,SG SMC,Bulk Carrier
9854313,Golden Fellow,3.168715063282837,2.4,39,29.71794871794872,0,SG SMC,Bulk Carrier
9852523,Golden Fortune,2.991908212560386,2.4,36,25.61111111111111,0,SG SMC,Bulk Carrier
9852535,Golden Forward,3.001544020003188,2.4,34,31.205882352941178,0,SG SMC,Bulk Carrier
9849904,Golden Freeze,3.2704047355564305,2.4,32,17.15625,0,SG SMC,Bulk Carrier
9854301,Golden Friend,3.1001885977234958,2.4,54,25.27777777777778,0,SG SMC,Bulk Carrier
9849899,Golden Frost,3.1217104020052067,2.4,41,17.70731707317073,0,SG SMC,Bulk Carrier
9860128,Golden Furious,3.0039137626675383,2.4,38,15.605263157894736,0,SG SMC,Bulk Carrier
9379038,Harris,2.5673035218023776,2.8,21,20.761904761904763,0,SG SMC,Tanker
9363792,Island Express,1.915967574654231,1.2,29,27.310344827586206,0,SG SMC,Tanker
9812121,Jastella,2.037993464271245,1.8,49,27.183673469387756,0,SG SMC,Tanker
9392391,Jose Progress,2.8037856165085158,2.1,46,21.08695652173913,0,SG SMC,Tanker
9343998,Kohzan Maru V,2.1947891098751273,1.5,49,25.510204081632654,0,SG SMC,Tanker
9878058,Lagavulin,2.8415773214618083,3.9,42,25.714285714285715,0,SG SMC,Tanker
9878060,Laphroaig,3.13366287380465,3.9,11,29,0,SG SMC,Tanker
9812432,Longrow,1.6726523440383914,1.8,63,32.333333333333336,0,SG SMC,Tanker
9303417,Lv Lizzy,1.7058539936239594,1.8,40,26.05,0,SG SMC,Tanker
9901427,Magnolia Express,2.186454593231594,2.28,56,18.25,0,SG SMC,Tanker
9183570,Marianna 28,0.9716679183097525,2,50,25.82,0,SG SMC,LPG Carrier
9304306,Marina Aman,2.144939523147181,1.9,17,25.176470588235293,0,SG SMC,Tanker
9667540,Mistral,4.1,4,5,27.4,0,SG SMC,LPG Carrier
9667564,Monsoon,4.661925000000001,4,16,22.4375,0,SG SMC,LPG Carrier
9741774,Mount Gongga,3.6550931263858093,3,8,13,0,SG SMC,Bulk Carrier
9703590,MP Ultramax 1,2.5196729478266007,2.5,51,17.647058823529413,0,SG SMC,Bulk Carrier
9703605,MP Ultramax 2,2.2286899927704393,2.5,44,27.272727272727273,0,SG SMC,Bulk Carrier
9484558,MSC Lome V,4.962340664961637,5.6,34,26.676470588235293,0,SG SMC,Container Ship
9883041,Nord Minami,2.635886752292423,3.6,52,21.26923076923077,0,SG SMC,Tanker
9890939,Nord Mirai,2.7322434084782694,3,27,27.14814814814815,0,SG SMC,Tanker
9890927,Nord Miyako,3.1888551123679614,2.9,17,29.764705882352942,0,SG SMC,Tanker
9800104,Nordic Ace,1.9730462757602116,1.4,19,27.210526315789473,0,SG SMC,Tanker
9800051,Nordic Ami,1.647589440601818,1.4,45,19.844444444444445,0,SG SMC,Tanker
9800116,Nordic Aqua,1.4076061101417625,1.4,32,25.4375,0,SG SMC,Tanker
9405916,Oak Express,2.0837746388444454,2.7,32,24.03125,0,SG SMC,Tanker
9778478,Pacific Hong Kong,4.011334161490684,3.5,25,23.96,0,SG SMC,LPG Carrier
9739953,Pacific Qingdao,3.852602597649036,3.5,26,28.346153846153847,0,SG SMC,LPG Carrier
9674854,Passat,4.504855835240274,4,19,25.42105263157895,0,SG SMC,LPG Carrier
9405928,Pine Express,1.995311149492055,2.7,35,23.65714285714286,0,SG SMC,Tanker
9403310,PIS Paragon,2.211520892111129,1.7,33,22.393939393939394,0,SG SMC,Tanker
9294563,PIS Pioneer,2.0491228070175436,2.9,6,28.5,0,SG SMC,Tanker
9426295,PIS Polaris,2.188464982542954,1.7,46,27.043478260869566,0,SG SMC,Tanker
9645798,PIS Sumatera,2.1108556186442926,2.9,48,23.104166666666668,0,SG SMC,Tanker
9803235,Poestella,1.8886066645211892,1.8,24,20.583333333333332,0,SG SMC,Tanker
9923451,Proteus Elsie,0.13318623575912583,3.6,48,28.916666666666668,0,SG SMC,Tanker
9923401,Proteus Harvonne,1.2351969035842778,3.6,47,28.04255319148936,0,SG SMC,Tanker
9923463,Proteus Ingrid,0.43499431716456705,3.6,55,21.563636363636363,0,SG SMC,Tanker
9923425,Proteus Philippa,1.5098045960028368,3.6,41,21.536585365853657,0,SG SMC,Tanker
9923475,Proteus Rong Na,0.34186676243486624,3.6,58,23.862068965517242,0,SG SMC,Tanker
9923413,Proteus Sinead,0.3094378381510808,3.6,60,27.416666666666668,0,SG SMC,Tanker
9923449,Proteus Tracy,0.7657403864520705,3.6,44,27.295454545454547,0,SG SMC,Tanker
9665308,Raina,0.21492410054365835,1.9,69,29.956521739130434,0,SG SMC,Tanker
9576753,Rebecca Schulte,2.637979567798682,2.8,19,22.789473684210527,0,SG SMC,Tanker
9576789,Reinhold Schulte,2.404102533149012,2.8,58,17.482758620689655,0,SG SMC,Tanker
9803247,Rostella,1.8943058623608668,1.8,37,23.972972972972972,0,SG SMC,Tanker
9576765,Rudolf Schulte,2.381991524853526,2.8,35,22.428571428571427,0,SG SMC,Tanker
9568495,Sakura Advance,2.0322553865948696,1.8,50,29.72,0,SG SMC,Tanker
9568500,Sakura Belle,2.3482519565506785,1.8,50,25.68,0,SG SMC,Tanker
9568512,Sakura Crest,1.7514902911981902,1.8,67,31.44776119402985,0,SG SMC,Tanker
9308950,Sea Senor,2.6700304245040596,3.3,18,20.444444444444443,0,SG SMC,Tanker
9525821,SFL Hudson,2.1636324186852187,2.3,32,24.625,0,SG SMC,Bulk Carrier
9617935,SFL Pearl,2.518732112064916,1.9,54,27.37037037037037,0,SG SMC,Bulk Carrier
9539834,SFL Sara,3.29,2.3,1,21,0,SG SMC,Bulk Carrier
9617947,SFL Yangtze,2.5418540180494715,2.3,48,29.583333333333332,0,SG SMC,Bulk Carrier
9600839,SFL Yukon,2.368971975733271,2.3,30,24.8,0,SG SMC,Bulk Carrier
9686376,Sirocco,4.365,4,10,19.7,0,SG SMC,LPG Carrier
9743617,Spirit Of Seatrek,2.155433345472861,2.3,27,29.59259259259259,0,SG SMC,Bulk Carrier
9313101,Sriwangi,1.8286549833564933,2.8,44,30.863636363636363,0,SG SMC,Tanker
9313096,Sriwangi II,1.8488879279092632,2.8,28,30.178571428571427,0,SG SMC,Tanker
9446116,TMN Plenitude,2.7600000000000002,1.9,1,30,0,SG SMC,Tanker
9552800,Topaz Express,1.9933466241615847,1.4,33,27.575757575757574,0,SG SMC,Tanker
9378773,Torero,1.3154432128444324,1.5,36,31.27777777777778,0,SG SMC,Tanker
9718387,True Nautilus,4.126552655251322,3.4,38,20.710526315789473,0,SG SMC,Bulk Carrier
9713076,True North,3.1044439072229872,3.5,70,23.185714285714287,0,SG SMC,Bulk Carrier
9793234,Vega Sea,3.372457556935817,4,60,23,0,SG SMC,LPG Carrier
9793260,Vega Song,3.2842272758954154,4,54,22.40740740740741,0,SG SMC,LPG Carrier
9793246,Vega Star,3.756943220140668,4,47,23.851063829787233,0,SG SMC,LPG Carrier
9793258,Vega Sun,3.726598410129246,4,38,24.763157894736842,0,SG SMC,LPG Carrier
9360958,Xena,1.741973963656036,1.6,31,19.967741935483872,0,SG SMC,Tanker
9760770,Marvel Hawk,0.30107087115782794,,78,25,0,UK SMC,LNG Carrier
